Date,Time,Lat,Lon,Speed,Dir,U(m/s),V(m/s)
2010-06-11,11:30:00,27.308500,-82.789400,0.125401,-10.076869,-0.021941,0.123467
2010-06-11,11:45:00,27.309800,-82.789500,0.160881,-3.910059,-0.010971,0.160507
2010-06-11,12:00:00,27.311200,-82.789600,0.173201,-3.631501,-0.010970,0.172853
2010-06-11,12:15:00,27.312400,-82.789700,0.148566,-4.234656,-0.010970,0.148160
2010-06-11,12:30:00,27.313600,-82.789800,0.148566,-4.234611,-0.010970,0.148160
2010-06-11,12:45:00,27.314900,-82.789800,0.160507,0.000000,0.000000,0.160507
2010-06-11,13:00:00,27.316100,-82.789900,0.148566,-4.234515,-0.010970,0.148160
2010-06-11,13:15:00,27.317300,-82.790100,0.149776,-8.423181,-0.021940,0.148160
2010-06-11,13:30:00,27.318600,-82.790200,0.160881,-3.909750,-0.010970,0.160507
2010-06-11,14:00:00,27.320700,-82.790200,0.129640,0.000000,0.000000,0.129640
2010-06-11,14:30:00,27.322700,-82.790300,0.123588,-2.543531,-0.005485,0.123467
2010-06-11,15:00:00,27.324500,-82.790500,0.111660,-5.637645,-0.010969,0.111120
2010-06-11,15:30:00,27.326200,-82.790600,0.105090,-2.991537,-0.005484,0.104947
2010-06-11,16:00:00,27.327800,-82.790900,0.100134,-9.457222,-0.016453,0.098773
2010-06-11,16:30:00,27.329200,-82.791400,0.090673,-17.603284,-0.027422,0.086427
2010-06-11,17:00:00,27.330400,-82.792100,0.083436,-27.394132,-0.038390,0.074080
2010-06-11,17:30:00,27.331300,-82.792700,0.064573,-30.636001,-0.032905,0.055560
2010-06-11,18:00:00,27.332200,-82.793200,0.061958,-26.267950,-0.027421,0.055560
2010-06-11,18:30:00,27.332900,-82.793400,0.044584,-14.241846,-0.010968,0.043213
2010-06-11,19:00:00,27.333500,-82.793000,0.043048,30.635469,0.021936,0.037040
2010-06-11,19:30:00,27.333700,-82.792500,0.030072,65.759204,0.027420,0.012347
2010-06-11,20:00:00,27.333600,-82.791600,0.049741,97.129312,0.049357,-0.006173
2010-06-11,20:30:00,27.333100,-82.790700,0.058214,122.020998,0.049357,-0.030867
2010-06-11,21:00:00,27.332700,-82.789800,0.055189,116.578856,0.049357,-0.024693
2010-06-11,21:30:00,27.332600,-82.788800,0.055188,96.422607,0.054841,-0.006173
2010-06-11,22:00:00,27.332500,-82.787800,0.055188,96.422601,0.054841,-0.006173
2010-06-11,22:30:00,27.332500,-82.786700,0.060325,90.000000,0.060325,0.000000
2010-06-11,23:00:00,27.332600,-82.785800,0.049742,82.870758,0.049357,0.006173
2010-06-11,23:30:00,27.332600,-82.784500,0.071294,90.000000,0.071294,0.000000
2010-06-12,00:00:00,27.332700,-82.783400,0.060640,84.157027,0.060325,0.006173
2010-06-12,00:30:00,27.332800,-82.782200,0.066098,84.640974,0.065809,0.006173
2010-06-12,01:00:00,27.332800,-82.781200,0.054841,90.000000,0.054841,0.000000
2010-06-12,01:30:00,27.332700,-82.780000,0.066098,95.359026,0.065809,-0.006173
2010-06-12,02:00:00,27.332600,-82.778700,0.071560,94.948920,0.071294,-0.006173
2010-06-12,02:30:00,27.332100,-82.777700,0.062931,119.372379,0.054841,-0.030867
2010-06-12,03:00:00,27.331500,-82.777000,0.053345,133.975331,0.038389,-0.037040
2010-06-12,03:30:00,27.330900,-82.776300,0.053345,133.975176,0.038389,-0.037040
2010-06-12,04:00:00,27.330200,-82.775800,0.051179,147.602756,0.027421,-0.043213
2010-06-12,04:30:00,27.330000,-82.776400,0.035146,-110.566916,-0.032905,-0.012347
2010-06-12,05:00:00,27.330200,-82.777300,0.050879,-75.955976,-0.049358,0.012347
2010-06-12,05:30:00,27.330500,-82.778600,0.073661,-75.438353,-0.071295,0.018520
2010-06-12,06:00:00,27.330900,-82.779900,0.075450,-70.896191,-0.071295,0.024693
2010-06-12,06:30:00,27.331400,-82.781300,0.082751,-68.098817,-0.076779,0.030867
2010-06-12,07:00:00,27.332200,-82.782700,0.091290,-57.249335,-0.076778,0.049387
2010-06-12,07:30:00,27.333000,-82.783900,0.082280,-53.113613,-0.065809,0.049387
2010-06-12,08:00:00,27.333700,-82.785400,0.092921,-62.286228,-0.082261,0.043213
2010-06-12,08:30:00,27.334800,-82.786900,0.106668,-50.460087,-0.082261,0.067907
2010-06-12,09:00:00,27.335700,-82.788400,0.099265,-55.964084,-0.082260,0.055560
2010-06-12,09:30:00,27.336800,-82.789700,0.098457,-46.392844,-0.071291,0.067907
2010-06-12,10:00:00,27.337900,-82.790800,0.090830,-41.615264,-0.060323,0.067907
2010-06-12,10:30:00,27.339300,-82.791500,0.094568,-23.948592,-0.038387,0.086427
2010-06-12,11:00:00,27.341100,-82.792000,0.114453,-13.860780,-0.027419,0.111120
2010-06-12,11:30:00,27.342900,-82.792500,0.114453,-13.860564,-0.027418,0.111120
2010-06-12,12:00:00,27.344700,-82.792800,0.112331,-8.421152,-0.016451,0.111120
2010-06-12,12:30:00,27.346600,-82.792900,0.117421,-2.676633,-0.005483,0.117293
2010-06-12,13:00:00,27.348500,-82.793000,0.117421,-2.676588,-0.005483,0.117293
2010-06-12,13:30:00,27.350500,-82.793000,0.123467,0.000000,0.000000,0.123467
2010-06-12,14:00:00,27.351900,-82.793000,0.086427,0.000000,0.000000,0.086427
2010-06-12,14:30:00,27.352900,-82.793100,0.061976,-5.075677,-0.005483,0.061733
2010-06-12,15:00:00,27.353500,-82.793400,0.040528,-23.945791,-0.016449,0.037040
2010-06-12,15:30:00,27.353900,-82.793900,0.036897,-47.990281,-0.027415,0.024693
2010-06-12,16:00:00,27.353900,-82.794400,0.027415,-90.000000,-0.027415,0.000000
2010-06-12,16:30:00,27.353200,-82.794800,0.048460,-153.090562,-0.021932,-0.043213
2010-06-12,17:00:00,27.351600,-82.794900,0.098925,-176.822638,-0.005483,-0.098773
2010-06-12,17:30:00,27.349500,-82.794700,0.130103,175.164767,0.010966,-0.129640
2010-06-12,18:00:00,27.346500,-82.794600,0.185281,178.304096,0.005483,-0.185200
2010-06-12,18:30:00,27.343000,-82.794200,0.217177,174.203460,0.021934,-0.216067
2010-06-12,19:00:00,27.339300,-82.794000,0.228676,177.251023,0.010967,-0.228413
2010-06-12,19:30:00,27.335100,-82.793700,0.259801,176.369371,0.016452,-0.259280
2010-06-12,20:00:00,27.330900,-82.793600,0.259338,178.788303,0.005484,-0.259280
2010-06-12,20:30:00,27.326800,-82.793900,0.253641,-176.280785,-0.016453,-0.253107
2010-06-12,21:00:00,27.322600,-82.794100,0.259512,-177.577507,-0.010969,-0.259280
2010-06-12,21:30:00,27.318600,-82.794500,0.247906,-174.922874,-0.021939,-0.246933
2010-06-12,22:00:00,27.315200,-82.794800,0.210537,-175.517439,-0.016455,-0.209893
2010-06-12,22:30:00,27.312000,-82.795300,0.199441,-172.096180,-0.027425,-0.197547
2010-06-12,23:00:00,27.309400,-82.796000,0.165035,-166.546529,-0.038396,-0.160507
2010-06-12,23:30:00,27.307200,-82.796500,0.138555,-168.583044,-0.027427,-0.135813
2010-06-13,00:00:00,27.305500,-82.796500,0.104947,180.000000,0.000000,-0.104947
2010-06-13,00:30:00,27.304200,-82.796500,0.080253,180.000000,0.000000,-0.080253
2010-06-13,01:00:00,27.303400,-82.796400,0.049690,173.661945,0.005486,-0.049387
2010-06-13,01:30:00,27.302800,-82.796500,0.037444,-171.575801,-0.005486,-0.037040
2010-06-13,02:00:00,27.302300,-82.797100,0.045123,-133.161785,-0.032914,-0.030867
2010-06-13,02:30:00,27.302000,-82.798000,0.052730,-110.562169,-0.049371,-0.018520
2010-06-13,03:00:00,27.302000,-82.799000,0.054856,-90.000000,-0.054856,0.000000
2010-06-13,03:30:00,27.302400,-82.800300,0.075467,-70.900743,-0.071313,0.024693
2010-06-13,04:00:00,27.303200,-82.801600,0.086744,-55.295973,-0.071313,0.049387
2010-06-13,04:30:00,27.304000,-82.803100,0.095967,-59.027697,-0.082283,0.049387
2010-06-13,05:00:00,27.304900,-82.805000,0.118109,-61.938859,-0.104225,0.055560
2010-06-13,05:30:00,27.305900,-82.806700,0.111835,-56.495472,-0.093253,0.061733
2010-06-13,06:00:00,27.306900,-82.808300,0.107303,-54.878194,-0.087767,0.061733
2010-06-13,06:30:00,27.307300,-82.809700,0.080668,-72.174940,-0.076795,0.024693
2010-06-13,07:00:00,27.307600,-82.811100,0.078997,-76.441369,-0.076795,0.018520
2010-06-13,07:30:00,27.307900,-82.812300,0.068380,-74.285754,-0.065824,0.018520
2010-06-13,08:00:00,27.308300,-82.813400,0.065196,-67.743373,-0.060339,0.024693
2010-06-13,08:30:00,27.308900,-82.814600,0.075530,-60.632865,-0.065824,0.037040
2010-06-13,09:00:00,27.309700,-82.815700,0.077973,-50.699657,-0.060338,0.049387
2010-06-13,09:30:00,27.310700,-82.816800,0.086323,-44.344868,-0.060337,0.061733
2010-06-13,10:00:00,27.311600,-82.817900,0.082021,-47.360247,-0.060337,0.055560
2010-06-13,10:30:00,27.312700,-82.818800,0.083954,-36.016060,-0.049366,0.067907
2010-06-13,11:00:00,27.314400,-82.819400,0.109986,-17.410972,-0.032910,0.104947
2010-06-13,11:30:00,27.315900,-82.820000,0.098274,-19.565130,-0.032910,0.092600
2010-06-13,12:00:00,27.317700,-82.820500,0.114454,-13.863593,-0.027424,0.111120
2010-06-13,12:30:00,27.319400,-82.820700,0.105518,-5.967214,-0.010970,0.104947
2010-06-13,13:00:00,27.321400,-82.820900,0.123953,-5.077135,-0.010969,0.123467
2010-06-13,13:30:00,27.322900,-82.821000,0.092762,-3.389630,-0.005485,0.092600
2010-06-13,14:00:00,27.324200,-82.821200,0.081000,-7.783035,-0.010969,0.080253
2010-06-13,15:00:00,27.326100,-82.821700,0.060228,-13.159031,-0.013711,0.058647
2010-06-13,15:30:00,27.326400,-82.822400,0.042625,-64.247135,-0.038391,0.018520
2010-06-13,16:00:00,27.326500,-82.823200,0.044308,-81.990971,-0.043875,0.006173
2010-06-13,16:30:00,27.326400,-82.823800,0.033481,-100.625303,-0.032907,-0.006173
2010-06-13,17:00:00,27.325700,-82.823900,0.043560,-172.766947,-0.005484,-0.043213
2010-06-13,17:30:00,27.324400,-82.823800,0.080441,176.090500,0.005484,-0.080253
2010-06-13,18:00:00,27.322400,-82.823400,0.125401,169.924501,0.021938,-0.123467
2010-06-13,18:30:00,27.319500,-82.822800,0.182026,169.584326,0.032908,-0.179027
2010-06-13,19:00:00,27.315900,-82.822400,0.223320,174.362057,0.021939,-0.222240
2010-06-13,19:30:00,27.312000,-82.821800,0.242999,172.216299,0.032910,-0.240760
2010-06-13,20:00:00,27.307700,-82.821400,0.266359,175.274973,0.021941,-0.265453
2010-06-13,20:30:00,27.303400,-82.821200,0.265680,177.633371,0.010971,-0.265453
2010-06-13,21:00:00,27.299000,-82.821000,0.271848,177.687009,0.010971,-0.271627
2010-06-13,21:30:00,27.294800,-82.821200,0.259512,-177.576901,-0.010972,-0.259280
2010-06-13,22:00:00,27.290700,-82.821600,0.254056,-175.044845,-0.021944,-0.253107
2010-06-13,22:30:00,27.286900,-82.822300,0.237709,-170.702629,-0.038404,-0.234587
2010-06-13,23:00:00,27.283800,-82.822900,0.194184,-170.239888,-0.032919,-0.191373
2010-06-13,23:30:00,27.281200,-82.823500,0.163848,-168.409495,-0.032920,-0.160507
2010-06-14,00:00:00,27.278900,-82.824500,0.152219,-158.872235,-0.054867,-0.141987
2010-06-14,00:30:00,27.276800,-82.825400,0.138727,-159.147567,-0.049381,-0.129640
2010-06-14,01:00:00,27.275000,-82.826100,0.117571,-160.932375,-0.038408,-0.111120
2010-06-14,01:30:00,27.273700,-82.827700,0.118945,-132.431395,-0.087792,-0.080253
2010-06-14,02:00:00,27.272900,-82.829100,0.091324,-122.736928,-0.076819,-0.049387
2010-06-14,02:30:00,27.272300,-82.830600,0.090257,-114.229010,-0.082306,-0.037040
2010-06-14,03:00:00,27.272000,-82.832100,0.084364,-102.681057,-0.082307,-0.018520
2010-06-14,03:30:00,27.272000,-82.833500,0.076820,-90.000000,-0.076820,0.000000
2010-06-14,04:00:00,27.272600,-82.834700,0.075548,-60.640869,-0.065845,0.037040
2010-06-14,04:30:00,27.273200,-82.835800,0.070817,-58.463633,-0.060358,0.037040
2010-06-14,05:00:00,27.273800,-82.836800,0.066202,-55.978868,-0.054870,0.037040
2010-06-14,05:30:00,27.274400,-82.838200,0.085282,-64.257667,-0.076818,0.037040
2010-06-14,06:00:00,27.274900,-82.839900,0.098253,-71.690209,-0.093279,0.030867
2010-06-14,06:30:00,27.275300,-82.841800,0.107137,-76.674422,-0.104252,0.024693
2010-06-14,07:00:00,27.275700,-82.843800,0.112483,-77.318573,-0.109739,0.024693
2010-06-14,07:30:00,27.276100,-82.845700,0.107136,-76.674329,-0.104251,0.024693
2010-06-14,08:00:00,27.276400,-82.847500,0.100486,-79.379392,-0.098764,0.018520
2010-06-14,08:30:00,27.276900,-82.849100,0.093058,-70.628527,-0.087790,0.030867
2010-06-14,09:00:00,27.277700,-82.850800,0.105544,-62.100330,-0.093276,0.049387
2010-06-14,09:30:00,27.278600,-82.852300,0.099300,-55.977756,-0.082302,0.055560
2010-06-14,10:00:00,27.279500,-82.853400,0.082034,-47.368501,-0.060354,0.055560
2010-06-14,10:30:00,27.280500,-82.854200,0.075747,-35.413657,-0.043894,0.061733
2010-06-14,11:00:00,27.281500,-82.854700,0.067554,-23.959628,-0.027433,0.061733
2010-06-14,11:30:00,27.282700,-82.854900,0.074888,-8.425769,-0.010973,0.074080
2010-06-14,12:00:00,27.284100,-82.854700,0.087120,7.235804,0.010973,0.086427
2010-06-14,12:30:00,27.285600,-82.854300,0.095165,13.332930,0.021946,0.092600
2010-06-14,13:00:00,27.287200,-82.853500,0.108086,23.958594,0.043891,0.098773
2010-06-14,13:30:00,27.288500,-82.852100,0.111086,43.743583,0.076809,0.080253
2010-06-14,14:00:00,27.289700,-82.850200,0.127881,54.599591,0.104239,0.074080
2010-06-14,14:30:00,27.290900,-82.847700,0.155883,61.625724,0.137155,0.074080
2010-06-14,15:00:00,27.292000,-82.844800,0.172984,66.886158,0.159098,0.067907
2010-06-14,15:30:00,27.292400,-82.842000,0.155583,80.867710,0.153611,0.024693
2010-06-14,16:00:00,27.292400,-82.838900,0.170069,90.000000,0.170069,0.000000
2010-06-14,16:30:00,27.291700,-82.835600,0.186128,103.424863,0.181042,-0.043213
2010-06-14,17:00:00,27.290500,-82.832200,0.200702,111.660421,0.186530,-0.074080
2010-06-14,17:30:00,27.288800,-82.828900,0.209264,120.099522,0.181046,-0.104947
2010-06-14,18:00:00,27.286700,-82.825500,0.227161,124.798863,0.186535,-0.129640
2010-06-14,18:30:00,27.284300,-82.822200,0.233948,129.294323,0.181053,-0.148160
2010-06-14,19:00:00,27.281200,-82.819300,0.248878,140.259315,0.159111,-0.191373
2010-06-14,19:30:00,27.278000,-82.817000,0.234414,147.429113,0.126195,-0.197547
2010-06-14,20:00:00,27.274900,-82.815000,0.220604,150.169048,0.109738,-0.191373
2010-06-14,20:30:00,27.271900,-82.813200,0.209890,151.929087,0.098767,-0.185200
2010-06-14,21:00:00,27.268900,-82.811600,0.204956,154.636452,0.087795,-0.185200
2010-06-14,21:30:00,27.266200,-82.810100,0.185896,153.718897,0.082310,-0.166680
2010-06-14,22:00:00,27.263400,-82.809000,0.183090,160.750275,0.060362,-0.172853
2010-06-14,22:30:00,27.261000,-82.808100,0.156175,161.564457,0.049388,-0.148160
2010-06-14,23:00:00,27.258800,-82.807600,0.138557,168.578199,0.027439,-0.135813
2010-06-14,23:30:00,27.256800,-82.807300,0.124559,172.404800,0.016463,-0.123467
2010-06-15,00:00:00,27.255200,-82.807500,0.099381,-173.659240,-0.010976,-0.098773
2010-06-15,00:30:00,27.253800,-82.807900,0.089171,-165.748548,-0.021952,-0.086427
2010-06-15,01:00:00,27.252900,-82.808400,0.061967,-153.715992,-0.027440,-0.055560
2010-06-15,01:30:00,27.252200,-82.808500,0.043560,-172.762209,-0.005488,-0.043213
2010-06-15,02:00:00,27.251800,-82.808500,0.024693,180.000000,0.000000,-0.024693
2010-06-15,02:30:00,27.251400,-82.808400,0.025296,167.469616,0.005488,-0.024693
2010-06-15,03:00:00,27.251200,-82.808100,0.020580,126.866251,0.016464,-0.012347
2010-06-15,03:30:00,27.251000,-82.807600,0.030090,114.224864,0.027441,-0.012347
2010-06-15,04:00:00,27.251000,-82.807400,0.010976,90.000000,0.010976,0.000000
2010-06-15,04:30:00,27.251200,-82.807400,0.012347,0.000000,0.000000,0.012347
2010-06-15,05:00:00,27.251200,-82.807300,0.005488,90.000000,0.005488,0.000000
2010-06-15,05:30:00,27.251300,-82.807200,0.008260,41.637324,0.005488,0.006173
2010-06-15,06:00:00,27.251300,-82.807400,0.010976,-90.000000,-0.010976,0.000000
2010-06-15,06:30:00,27.251300,-82.808000,0.032929,-90.000000,-0.032929,0.000000
2010-06-15,07:00:00,27.251400,-82.808600,0.033502,-79.381716,-0.032929,0.006173
2010-06-15,07:30:00,27.251300,-82.809500,0.049777,-97.124085,-0.049393,-0.006173
2010-06-15,08:00:00,27.251000,-82.810500,0.057922,-108.647214,-0.054881,-0.018520
2010-06-15,08:30:00,27.250800,-82.811500,0.056253,-102.678713,-0.054882,-0.012347
2010-06-15,09:00:00,27.250500,-82.812600,0.063147,-107.054742,-0.060370,-0.018520
2010-06-15,09:30:00,27.250300,-82.813600,0.056253,-102.678657,-0.054882,-0.012347
2010-06-15,10:00:00,27.250200,-82.814700,0.060685,-95.838669,-0.060370,-0.006173
2010-06-15,10:30:00,27.250200,-82.815900,0.065858,-90.000000,-0.065858,0.000000
2010-06-15,11:00:00,27.250300,-82.816900,0.055228,-83.582117,-0.054882,0.006173
2010-06-15,11:30:00,27.250500,-82.817600,0.040353,-72.183459,-0.038417,0.012347
2010-06-15,12:00:00,27.250700,-82.818200,0.035168,-69.446571,-0.032929,0.012347
2010-06-15,12:30:00,27.251000,-82.818600,0.028721,-49.847859,-0.021953,0.018520
2010-06-15,13:00:00,27.251400,-82.818800,0.027023,-23.965328,-0.010976,0.024693
2010-06-15,13:30:00,27.252000,-82.818600,0.038632,16.506375,0.010976,0.037040
2010-06-15,14:00:00,27.252700,-82.818100,0.051190,32.415500,0.027440,0.043213
2010-06-15,14:30:00,27.253200,-82.817600,0.041300,41.636890,0.027440,0.030867
2010-06-15,15:00:00,27.253700,-82.817000,0.045133,46.850848,0.032928,0.030867
2010-06-15,15:30:00,27.253900,-82.816100,0.050912,75.965241,0.049392,0.012347
2010-06-15,16:00:00,27.253600,-82.815100,0.057921,108.647619,0.054880,-0.018520
2010-06-15,16:30:00,27.252900,-82.813700,0.088151,119.354937,0.076833,-0.043213
2010-06-15,17:00:00,27.251800,-82.812200,0.106715,129.519168,0.082321,-0.067907
2010-06-15,17:30:00,27.250200,-82.810400,0.139696,134.996124,0.098787,-0.098773
2010-06-15,18:00:00,27.247800,-82.808500,0.181177,144.861674,0.104277,-0.148160
2010-06-15,18:30:00,27.244900,-82.806500,0.209999,148.486065,0.109768,-0.179027
2010-06-15,19:00:00,27.241900,-82.804300,0.221086,146.896270,0.120748,-0.185200
2010-06-15,19:30:00,27.238600,-82.801900,0.242599,147.112702,0.131728,-0.203720
2010-06-15,20:00:00,27.234900,-82.799800,0.255849,153.222781,0.115266,-0.228413
2010-06-15,20:30:00,27.230800,-82.798100,0.269760,159.762397,0.093314,-0.253107
2010-06-15,21:00:00,27.226400,-82.796700,0.282289,164.202546,0.076850,-0.271627
2010-06-15,21:30:00,27.221700,-82.795800,0.294323,170.336529,0.049405,-0.290147
2010-06-15,22:00:00,27.216900,-82.795600,0.296523,177.878013,0.010979,-0.296320
2010-06-15,22:30:00,27.212200,-82.795700,0.290199,-178.916020,-0.005490,-0.290147
2010-06-15,23:00:00,27.207800,-82.796100,0.272513,-175.377760,-0.021961,-0.271627
2010-06-15,23:30:00,27.203600,-82.796500,0.260208,-175.158490,-0.021962,-0.259280
2010-06-16,00:00:00,27.199600,-82.797000,0.248455,-173.656167,-0.027453,-0.246933
2010-06-16,00:30:00,27.196300,-82.797700,0.207314,-169.315735,-0.038435,-0.203720
2010-06-16,01:00:00,27.193300,-82.798500,0.190338,-166.656663,-0.043927,-0.185200
2010-06-16,01:30:00,27.190900,-82.799600,0.159999,-157.820356,-0.060402,-0.148160
2010-06-16,02:00:00,27.188600,-82.800600,0.152235,-158.856604,-0.054912,-0.141987
2010-06-16,02:30:00,27.186600,-82.801500,0.132991,-158.184669,-0.049421,-0.123467
2010-06-16,03:00:00,27.184900,-82.802200,0.111765,-159.883376,-0.038440,-0.104947
2010-06-16,03:30:00,27.183100,-82.802800,0.115902,-163.484138,-0.032949,-0.111120
2010-06-16,04:00:00,27.181300,-82.803500,0.117581,-160.917483,-0.038441,-0.111120
2010-06-16,04:30:00,27.179400,-82.803900,0.119333,-169.392603,-0.021967,-0.117293
2010-06-16,05:00:00,27.177600,-82.804700,0.119490,-158.427527,-0.043934,-0.111120
2010-06-16,05:30:00,27.175600,-82.805500,0.131051,-160.412346,-0.043935,-0.123467
2010-06-16,06:00:00,27.173400,-82.806300,0.142743,-162.073705,-0.043935,-0.135813
2010-06-16,06:30:00,27.171100,-82.807000,0.147099,-164.849885,-0.038444,-0.141987
2010-06-16,07:00:00,27.168900,-82.808000,0.146498,-157.982138,-0.054921,-0.135813
2010-06-16,07:30:00,27.166800,-82.809100,0.143026,-155.013584,-0.060415,-0.129640
2010-06-16,08:00:00,27.164600,-82.810500,0.156070,-150.482924,-0.076893,-0.135813
2010-06-16,08:30:00,27.162500,-82.812000,0.153604,-147.563838,-0.082387,-0.129640
2010-06-16,09:00:00,27.160500,-82.813500,0.148431,-146.285116,-0.082388,-0.123467
2010-06-16,09:30:00,27.158700,-82.815200,0.145143,-139.959377,-0.093375,-0.111120
2010-06-16,10:00:00,27.157000,-82.817000,0.144184,-136.707938,-0.098869,-0.104947
2010-06-16,10:30:00,27.155200,-82.818900,0.152445,-136.795881,-0.104364,-0.111120
2010-06-16,11:00:00,27.153400,-82.821300,0.172415,-130.127685,-0.131830,-0.111120
2010-06-16,11:30:00,27.152000,-82.823800,0.162258,-122.184652,-0.137325,-0.086427
2010-06-16,12:00:00,27.150800,-82.826200,0.151221,-119.332575,-0.131833,-0.074080
2010-06-16,12:30:00,27.149600,-82.828300,0.137094,-122.708141,-0.115355,-0.074080
2010-06-16,13:00:00,27.148600,-82.830300,0.126020,-119.332071,-0.109863,-0.061733
2010-06-16,13:30:00,27.147800,-82.832000,0.105640,-117.872227,-0.093385,-0.049387
2010-06-16,14:00:00,27.146900,-82.833600,0.103980,-122.298574,-0.087892,-0.055560
2010-06-16,14:30:00,27.145900,-82.835300,0.111946,-123.466885,-0.093386,-0.061733
2010-06-16,15:00:00,27.144900,-82.837200,0.121264,-120.602817,-0.104374,-0.061733
2010-06-16,15:30:00,27.144200,-82.839200,0.118061,-111.470758,-0.109868,-0.043213
2010-06-16,16:00:00,27.143500,-82.841000,0.107912,-113.606321,-0.098882,-0.043213
2010-06-16,16:30:00,27.142800,-82.842600,0.097944,-116.180814,-0.087895,-0.043213
2010-06-16,17:00:00,27.142000,-82.844100,0.096069,-120.935724,-0.082402,-0.049387
2010-06-16,17:30:00,27.141100,-82.845500,0.094879,-125.844610,-0.076910,-0.055560
2010-06-16,18:00:00,27.140400,-82.846100,0.054349,-142.665001,-0.032961,-0.043213
2010-06-16,18:30:00,27.139400,-82.846000,0.061977,174.914671,0.005494,-0.061733
2010-06-16,19:00:00,27.138200,-82.845500,0.079009,159.655553,0.027468,-0.074080
2010-06-16,19:30:00,27.136500,-82.844500,0.118456,152.368851,0.054937,-0.104947
2010-06-16,20:00:00,27.134400,-82.843000,0.153615,147.557314,0.082408,-0.129640
2010-06-16,20:30:00,27.132000,-82.841000,0.184458,143.438485,0.109879,-0.148160
2010-06-16,21:00:00,27.129000,-82.838700,0.224203,145.693872,0.126364,-0.185200
2010-06-16,21:30:00,27.125400,-82.836200,0.261261,148.281734,0.137356,-0.222240
2010-06-16,22:00:00,27.121600,-82.833500,0.277558,147.691279,0.148350,-0.234587
2010-06-16,22:30:00,27.117300,-82.830700,0.306815,149.904589,0.153850,-0.265453
2010-06-16,23:00:00,27.112700,-82.828100,0.317886,153.293199,0.142866,-0.283973
2010-06-16,23:30:00,27.107900,-82.826200,0.314175,160.590423,0.104406,-0.296320
2010-06-17,00:00:00,27.102900,-82.824900,0.316826,166.968673,0.071439,-0.308667
2010-06-17,00:30:00,27.097800,-82.824200,0.317181,173.033806,0.038469,-0.314840
2010-06-17,01:00:00,27.092900,-82.824000,0.302693,177.918975,0.010992,-0.302493
2010-06-17,01:30:00,27.088100,-82.824100,0.296371,-178.937418,-0.005496,-0.296320
2010-06-17,02:00:00,27.083800,-82.825000,0.270023,-169.444177,-0.049466,-0.265453
2010-06-17,02:30:00,27.080300,-82.826300,0.227575,-161.700770,-0.071454,-0.216067
2010-06-17,03:00:00,27.077500,-82.827800,0.191510,-154.499345,-0.082449,-0.172853
2010-06-17,03:30:00,27.076300,-82.829300,0.110842,-131.938941,-0.082451,-0.074080
2010-06-17,04:00:00,27.074400,-82.830200,0.127299,-157.131318,-0.049471,-0.117293
2010-06-17,04:30:00,27.072400,-82.830900,0.129324,-162.690435,-0.038478,-0.123467
2010-06-17,05:00:00,27.070900,-82.831200,0.094057,-169.902194,-0.016491,-0.092600
2010-06-17,05:30:00,27.069700,-82.831400,0.074891,-171.558455,-0.010994,-0.074080
2010-06-17,06:00:00,27.069000,-82.831700,0.046253,-159.111937,-0.016491,-0.043213
2010-06-17,06:30:00,27.068300,-82.832300,0.054362,-142.647205,-0.032983,-0.043213
2010-06-17,07:00:00,27.067500,-82.832700,0.054061,-155.999749,-0.021989,-0.049387
2010-06-17,07:30:00,27.066800,-82.833000,0.046253,-159.111563,-0.016492,-0.043213
2010-06-17,08:00:00,27.066100,-82.833300,0.046253,-159.111444,-0.016492,-0.043213
2010-06-17,08:30:00,27.065300,-82.833600,0.052067,-161.534185,-0.016492,-0.049387
2010-06-17,09:00:00,27.064600,-82.834000,0.048486,-153.030633,-0.021989,-0.043213
2010-06-17,09:30:00,27.064200,-82.834200,0.027030,-155.999084,-0.010995,-0.024693
2010-06-17,10:00:00,27.063400,-82.834500,0.052068,-161.533894,-0.016492,-0.049387
2010-06-17,10:30:00,27.062600,-82.834800,0.052068,-161.533771,-0.016492,-0.049387
2010-06-17,11:00:00,27.061900,-82.835100,0.046254,-159.110729,-0.016492,-0.043213
2010-06-17,11:30:00,27.061200,-82.835600,0.051215,-147.540192,-0.027487,-0.043213
2010-06-17,12:00:00,27.060900,-82.836100,0.033144,-123.970589,-0.027487,-0.018520
2010-06-17,12:30:00,27.060500,-82.836600,0.036950,-131.934825,-0.027488,-0.024693
2010-06-17,13:00:00,27.060200,-82.836900,0.024799,-138.314046,-0.016493,-0.018520
2010-06-17,13:30:00,27.060000,-82.836900,0.012347,180.000000,0.000000,-0.012347
2010-06-17,14:00:00,27.059900,-82.836800,0.008266,138.313945,0.005498,-0.006173
2010-06-17,14:30:00,27.059800,-82.836400,0.022840,105.681084,0.021990,-0.006173
2010-06-17,15:00:00,27.059600,-82.835600,0.045681,105.681064,0.043980,-0.012347
2010-06-17,15:30:00,27.059400,-82.834500,0.061721,101.539341,0.060473,-0.012347
2010-06-17,16:00:00,27.059100,-82.833000,0.084518,102.657679,0.082464,-0.018520
2010-06-17,16:30:00,27.058700,-82.831100,0.107333,103.300715,0.104454,-0.024693
2010-06-17,17:00:00,27.058200,-82.828700,0.135505,103.166966,0.131943,-0.030867
2010-06-17,17:30:00,27.057200,-82.826100,0.155700,113.358828,0.142939,-0.061733
2010-06-17,18:00:00,27.056000,-82.823200,0.175804,114.921699,0.159434,-0.074080
2010-06-17,18:30:00,27.054500,-82.820000,0.198811,117.760043,0.175929,-0.092600
2010-06-17,19:00:00,27.052600,-82.816500,0.225356,121.364537,0.192425,-0.117293
2010-06-17,19:30:00,27.050300,-82.812900,0.243588,125.654533,0.197927,-0.141987
2010-06-17,20:00:00,27.047600,-82.809400,0.254583,130.898190,0.192433,-0.166680
2010-06-17,20:30:00,27.044200,-82.806100,0.277446,139.158318,0.181442,-0.209893
2010-06-17,21:00:00,27.040300,-82.803000,0.294990,144.702664,0.170451,-0.240760
2010-06-17,21:30:00,27.036000,-82.800500,0.298935,152.622566,0.137465,-0.265453
2010-06-17,22:00:00,27.031700,-82.798400,0.289482,156.490398,0.115475,-0.265453
2010-06-17,22:30:00,27.027500,-82.796800,0.273802,161.255785,0.087985,-0.259280
2010-06-17,23:00:00,27.023400,-82.795500,0.263009,164.227651,0.071490,-0.253107
2010-06-17,23:30:00,27.019300,-82.794500,0.259012,167.741459,0.054994,-0.253107
2010-06-18,00:00:00,27.015600,-82.793900,0.230785,171.779631,0.032998,-0.228413
2010-06-18,00:30:00,27.012200,-82.793800,0.209965,178.499032,0.005500,-0.209893
2010-06-18,01:00:00,27.009300,-82.793800,0.179027,180.000000,0.000000,-0.179027
2010-06-18,01:30:00,27.006700,-82.793900,0.160601,-178.037411,-0.005500,-0.160507
2010-06-18,02:00:00,27.004300,-82.794000,0.148262,-177.873959,-0.005500,-0.148160
2010-06-18,02:30:00,27.002200,-82.794000,0.129640,180.000000,0.000000,-0.129640
2010-06-18,03:00:00,27.000600,-82.794000,0.098773,180.000000,0.000000,-0.098773
2010-06-18,03:30:00,26.999500,-82.794000,0.067907,180.000000,0.000000,-0.067907
2010-06-18,04:00:00,26.998700,-82.793600,0.054066,155.986701,0.022002,-0.049387
2010-06-18,04:30:00,26.998300,-82.792900,0.045742,122.672894,0.038504,-0.024693
2010-06-18,05:00:00,26.998000,-82.792000,0.052856,110.510953,0.049505,-0.018520
2010-06-18,05:30:00,26.997800,-82.790900,0.061753,101.533184,0.060506,-0.012347
2010-06-18,06:00:00,26.997700,-82.789700,0.066295,95.343063,0.066007,-0.006173
2010-06-18,06:30:00,26.997700,-82.788100,0.088009,90.000000,0.088009,0.000000
2010-06-18,07:00:00,26.997800,-82.786600,0.082739,85.721088,0.082509,0.006173
2010-06-18,07:30:00,26.997800,-82.785000,0.088009,90.000000,0.088009,0.000000
2010-06-18,08:00:00,26.997800,-82.783700,0.071508,90.000000,0.071508,0.000000
2010-06-18,08:30:00,26.997700,-82.782400,0.071774,94.934171,0.071508,-0.006173
2010-06-18,09:00:00,26.997900,-82.781600,0.045704,74.327151,0.044005,0.012347
2010-06-18,09:30:00,26.998000,-82.780700,0.049889,82.891872,0.049505,0.006173
2010-06-18,10:00:00,26.998300,-82.779700,0.058040,71.392015,0.055006,0.018520
2010-06-18,10:30:00,26.998800,-82.778800,0.058339,58.056191,0.049505,0.030867
2010-06-18,11:00:00,26.998800,-82.778100,0.038504,90.000000,0.038504,0.000000
2010-06-18,11:30:00,26.998800,-82.777400,0.038504,90.000000,0.038504,0.000000
2010-06-18,12:00:00,26.999100,-82.777000,0.028759,49.911446,0.022002,0.018520
2010-06-18,12:30:00,26.999600,-82.776600,0.037906,35.481626,0.022002,0.030867
2010-06-18,13:00:00,27.000400,-82.776200,0.054066,24.013128,0.022002,0.049387
2010-06-18,13:30:00,27.001400,-82.775800,0.065537,19.616055,0.022002,0.061733
2010-06-18,14:00:00,27.002600,-82.775100,0.083488,27.462910,0.038503,0.074080
2010-06-18,14:30:00,27.003900,-82.774000,0.100505,37.012889,0.060504,0.080253
2010-06-18,15:00:00,27.004800,-82.772700,0.090552,52.151895,0.071503,0.055560
2010-06-18,15:30:00,27.005700,-82.771000,0.108765,59.281199,0.093504,0.055560
2010-06-18,16:00:00,27.006600,-82.769100,0.118355,62.002329,0.104503,0.055560
2010-06-18,16:30:00,27.007400,-82.766900,0.130693,67.797466,0.121003,0.049387
2010-06-18,17:00:00,27.007900,-82.764300,0.146296,77.819761,0.143003,0.030867
2010-06-18,17:30:00,27.008100,-82.761600,0.149015,85.247291,0.148502,0.012347
2010-06-18,18:00:00,27.008100,-82.758600,0.165003,90.000000,0.165003,0.000000
2010-06-18,18:30:00,27.007700,-82.755200,0.188626,97.522254,0.187003,-0.024693
2010-06-18,19:00:00,27.007100,-82.751600,0.201439,100.595669,0.198004,-0.037040
2010-06-18,19:30:00,27.006000,-82.747900,0.214537,108.453029,0.203506,-0.067907
2010-06-18,20:00:00,27.004500,-82.743900,0.238702,112.825836,0.220009,-0.092600
2010-06-18,20:30:00,27.002800,-82.739800,0.248736,114.955850,0.225512,-0.104947
2010-06-18,21:00:00,27.001000,-82.735600,0.256352,115.687791,0.231016,-0.111120
2010-06-18,21:30:00,26.998800,-82.731600,0.258561,121.686157,0.220019,-0.135813
2010-06-18,22:00:00,26.996300,-82.728000,0.251060,127.932004,0.198022,-0.154333
2010-06-18,22:30:00,26.993600,-82.725200,0.226946,137.260575,0.154020,-0.166680
2010-06-18,23:00:00,26.990400,-82.722600,0.243886,144.095676,0.143023,-0.197547
2010-06-18,23:30:00,26.987500,-82.720600,0.210131,148.427294,0.110020,-0.179027
2010-06-19,00:00:00,26.984800,-82.719400,0.179276,158.393876,0.066014,-0.166680
2010-06-19,00:30:00,26.982200,-82.718700,0.165062,166.508516,0.038509,-0.160507
2010-06-19,01:00:00,26.979800,-82.718400,0.149076,173.643763,0.016504,-0.148160
2010-06-19,01:30:00,26.978000,-82.718800,0.113278,-168.798166,-0.022006,-0.111120
2010-06-19,02:00:00,26.976800,-82.719400,0.081102,-155.982593,-0.033010,-0.074080
2010-06-19,02:30:00,26.976100,-82.720000,0.054379,-142.624523,-0.033010,-0.043213
2010-06-19,03:00:00,26.976200,-82.720500,0.028192,-77.351378,-0.027508,0.006173
2010-06-19,03:30:00,26.976500,-82.721400,0.052865,-69.492690,-0.049515,0.018520
2010-06-19,04:00:00,26.977300,-82.722000,0.059403,-33.758455,-0.033010,0.049387
2010-06-19,04:30:00,26.978500,-82.722300,0.075896,-12.560099,-0.016505,0.074080
2010-06-19,05:00:00,26.979400,-82.722400,0.055832,-5.654951,-0.005502,0.055560
2010-06-19,05:30:00,26.980400,-82.722300,0.061978,5.092551,0.005501,0.061733
2010-06-19,06:00:00,26.981400,-82.721700,0.070004,28.133179,0.033008,0.061733
2010-06-19,06:30:00,26.982500,-82.721200,0.073266,22.051292,0.027507,0.067907
2010-06-19,07:00:00,26.984100,-82.720600,0.104143,18.478445,0.033008,0.098773
2010-06-19,07:30:00,26.985700,-82.720300,0.100143,9.485706,0.016504,0.098773
2010-06-19,08:00:00,26.987500,-82.719700,0.115919,16.543397,0.033007,0.111120
2010-06-19,08:30:00,26.989000,-82.718800,0.105005,28.131623,0.049509,0.092600
2010-06-19,09:00:00,26.990500,-82.717800,0.107707,30.712789,0.055010,0.092600
2010-06-19,09:30:00,26.992100,-82.716700,0.115834,31.492234,0.060510,0.098773
2010-06-19,10:00:00,26.993600,-82.715700,0.107706,30.712095,0.055008,0.092600
2010-06-19,10:30:00,26.994800,-82.714700,0.092270,36.595501,0.055008,0.074080
2010-06-19,11:00:00,26.995800,-82.713900,0.075812,35.482602,0.044006,0.061733
2010-06-19,11:30:00,26.996600,-82.713300,0.059400,33.753915,0.033004,0.049387
2010-06-19,12:00:00,26.997300,-82.712900,0.048492,26.983392,0.022003,0.043213
2010-06-19,12:30:00,26.997900,-82.713000,0.037446,-8.446933,-0.005501,0.037040
2010-06-19,13:00:00,26.998800,-82.713300,0.057959,-16.541763,-0.016502,0.055560
2010-06-19,13:30:00,26.999600,-82.713600,0.052071,-18.476011,-0.016502,0.049387
2010-06-19,14:00:00,27.000700,-82.714300,0.078063,-29.553384,-0.038503,0.067907
2010-06-19,14:30:00,27.002100,-82.715200,0.099600,-29.803338,-0.049504,0.086427
2010-06-19,15:00:00,27.003600,-82.716000,0.102523,-25.416667,-0.044003,0.092600
2010-06-19,15:30:00,27.005000,-82.716900,0.099599,-29.802701,-0.049502,0.086427
2010-06-19,16:00:00,27.006600,-82.717800,0.110483,-26.618440,-0.049502,0.098773
2010-06-19,16:30:00,27.008100,-82.718600,0.102522,-25.415778,-0.044001,0.092600
2010-06-19,17:00:00,27.009900,-82.719500,0.121647,-24.011423,-0.049500,0.111120
2010-06-19,17:30:00,27.011800,-82.720000,0.120474,-13.194835,-0.027500,0.117293
2010-06-19,18:00:00,27.013300,-82.720500,0.096597,-16.539788,-0.027499,0.092600
2010-06-19,18:30:00,27.015000,-82.720500,0.104947,0.000000,0.000000,0.104947
2010-06-19,19:00:00,27.016300,-82.720000,0.084834,18.913876,0.027499,0.080253
2010-06-19,19:30:00,27.017500,-82.719200,0.086160,30.706714,0.043997,0.074080
2010-06-19,20:00:00,27.018600,-82.717600,0.111149,52.341798,0.087994,0.067907
2010-06-19,20:30:00,27.019200,-82.715700,0.110862,70.481682,0.104492,0.037040
2010-06-19,21:00:00,27.019400,-82.713500,0.121618,84.173297,0.120990,0.012347
2010-06-19,21:30:00,27.018900,-82.711100,0.135550,103.162517,0.131989,-0.030867
2010-06-19,22:00:00,27.017800,-82.708800,0.143566,118.229232,0.126490,-0.067907
2010-06-19,22:30:00,27.016200,-82.706400,0.164857,126.808635,0.131992,-0.098773
2010-06-19,23:00:00,27.014400,-82.704300,0.160270,133.894150,0.115494,-0.111120
2010-06-19,23:30:00,27.012200,-82.702600,0.164885,145.455559,0.093497,-0.135813
2010-06-20,00:00:00,27.009900,-82.701500,0.154339,156.921550,0.060499,-0.141987
2010-06-20,00:30:00,27.007800,-82.701500,0.129640,180.000000,0.000000,-0.129640
2010-06-20,01:00:00,27.006000,-82.702300,0.119515,-158.397494,-0.044001,-0.111120
2010-06-20,01:30:00,27.004400,-82.703700,0.125242,-142.060212,-0.077003,-0.098773
2010-06-20,02:00:00,27.003100,-82.705800,0.140650,-124.791440,-0.115506,-0.080253
2010-06-20,02:30:00,27.002200,-82.708200,0.143224,-112.825362,-0.132008,-0.055560
2010-06-20,03:00:00,27.001500,-82.710400,0.128493,-109.652138,-0.121009,-0.043213
2010-06-20,03:30:00,27.001100,-82.712800,0.134300,-100.595108,-0.132010,-0.024693
2010-06-20,04:00:00,27.000900,-82.715800,0.165474,-94.279035,-0.165013,-0.012347
2010-06-20,04:30:00,27.001100,-82.718900,0.170960,-85.858510,-0.170513,0.012347
2010-06-20,05:00:00,27.001700,-82.721500,0.147730,-75.479379,-0.143011,0.037040
2010-06-20,05:30:00,27.002200,-82.723900,0.135570,-76.839427,-0.132009,0.030867
2010-06-20,06:00:00,27.003000,-82.726400,0.146109,-70.244112,-0.137509,0.049387
2010-06-20,06:30:00,27.003800,-82.728500,0.125622,-66.850106,-0.115507,0.049387
2010-06-20,07:00:00,27.004800,-82.730200,0.112045,-56.566523,-0.093505,0.061733
2010-06-20,07:30:00,27.005800,-82.731200,0.082682,-41.699905,-0.055002,0.061733
2010-06-20,08:00:00,27.007000,-82.732200,0.092266,-36.592526,-0.055002,0.074080
2010-06-20,08:30:00,27.007900,-82.733300,0.082142,-47.437878,-0.060501,0.055560
2010-06-20,09:00:00,27.008800,-82.733700,0.059757,-21.602253,-0.022000,0.055560
2010-06-20,09:30:00,27.009400,-82.734000,0.040549,-24.011404,-0.016500,0.037040
2010-06-20,10:00:00,27.009700,-82.734400,0.028757,-49.908785,-0.022000,0.018520
2010-06-20,10:30:00,27.009600,-82.735300,0.049884,-97.108860,-0.049500,-0.006173
2010-06-20,11:00:00,27.009500,-82.736600,0.071766,-94.934687,-0.071500,-0.006173
2010-06-20,11:30:00,27.009600,-82.738200,0.088216,-85.987198,-0.088000,0.006173
2010-06-20,12:00:00,27.009700,-82.739700,0.082731,-85.720637,-0.082500,0.006173
2010-06-20,12:30:00,27.009900,-82.741500,0.099767,-82.891131,-0.099000,0.012347
2010-06-20,13:00:00,27.010100,-82.743300,0.099767,-82.891118,-0.099000,0.012347
2010-06-20,13:30:00,27.010100,-82.745200,0.104500,-90.000000,-0.104500,0.000000
2010-06-20,14:00:00,27.010100,-82.747300,0.115500,-90.000000,-0.115500,0.000000
2010-06-20,14:30:00,27.010300,-82.749900,0.143532,-85.065285,-0.143000,0.012347
2010-06-20,15:00:00,27.010700,-82.752300,0.134289,-79.404045,-0.131999,0.024693
2010-06-20,15:30:00,27.011000,-82.754600,0.127847,-81.670813,-0.126499,0.018520
2010-06-20,16:00:00,27.011600,-82.756400,0.105701,-69.486847,-0.098999,0.037040
2010-06-20,16:30:00,27.012300,-82.758100,0.103002,-65.194401,-0.093498,0.043213
2010-06-20,17:00:00,27.013000,-82.759400,0.083543,-58.851339,-0.071498,0.043213
2010-06-20,17:30:00,27.013900,-82.760700,0.090547,-52.149647,-0.071498,0.055560
2010-06-20,18:00:00,27.014900,-82.761200,0.067581,-24.010400,-0.027499,0.061733
2010-06-20,18:30:00,27.015800,-82.761300,0.055832,-5.653133,-0.005500,0.055560
2010-06-20,19:00:00,27.016500,-82.761000,0.046256,20.897110,0.016499,0.043213
2010-06-20,19:30:00,27.017100,-82.760400,0.049607,41.696993,0.032998,0.037040
2010-06-20,20:00:00,27.017500,-82.759400,0.060286,65.819939,0.054996,0.024693
2010-06-20,20:30:00,27.017600,-82.757900,0.082725,85.720337,0.082494,0.006173
2010-06-20,21:00:00,27.017300,-82.756100,0.100711,100.596596,0.098993,-0.018520
2010-06-20,21:30:00,27.016600,-82.754000,0.123312,110.514098,0.115493,-0.043213
2010-06-20,22:00:00,27.015900,-82.752000,0.118178,111.448423,0.109994,-0.043213
2010-06-20,22:30:00,27.015100,-82.750000,0.120573,114.179718,0.109994,-0.049387
2010-06-20,23:00:00,27.013900,-82.749100,0.089095,146.250394,0.049498,-0.074080
2010-06-20,23:30:00,27.012600,-82.749000,0.080442,176.079599,0.005500,-0.080253
2010-06-21,00:00:00,27.010800,-82.749800,0.119514,-158.398332,-0.043999,-0.111120
2010-06-21,00:30:00,27.008800,-82.751200,0.145510,-148.050264,-0.077000,-0.123467
2010-06-21,01:00:00,27.006700,-82.753100,0.166515,-141.127949,-0.104502,-0.129640
2010-06-21,01:30:00,27.004500,-82.755300,0.181899,-138.300171,-0.121005,-0.135813
2010-06-21,02:00:00,27.002300,-82.757600,0.185605,-137.031779,-0.126507,-0.135813
2010-06-21,02:30:00,27.000300,-82.759900,0.176773,-134.302583,-0.126510,-0.123467
2010-06-21,03:00:00,26.998800,-82.762500,0.170375,-122.922787,-0.143013,-0.092600
2010-06-21,03:30:00,26.997400,-82.764700,0.148706,-125.534256,-0.121013,-0.086427
2010-06-21,04:30:00,26.994300,-82.768800,0.147891,-130.316498,-0.112764,-0.095687
2010-06-21,05:00:00,26.993000,-82.770600,0.127454,-129.025568,-0.099014,-0.080253
2010-06-21,05:30:00,26.991800,-82.772300,0.119301,-128.385447,-0.093514,-0.074080
2010-06-21,06:00:00,26.990500,-82.774100,0.127455,-129.024946,-0.099016,-0.080253
2010-06-21,06:30:00,26.989400,-82.776200,0.134001,-120.448402,-0.115520,-0.067907
2010-06-21,07:00:00,26.988500,-82.778200,0.123253,-116.793647,-0.110020,-0.055560
2010-06-21,07:30:00,26.987800,-82.780000,0.108038,-113.577141,-0.099019,-0.043213
2010-06-21,08:00:00,26.987100,-82.781800,0.108038,-113.577010,-0.099020,-0.043213
2010-06-21,08:30:00,26.986100,-82.783800,0.126159,-119.296620,-0.110023,-0.061733
2010-06-21,09:00:00,26.985400,-82.786000,0.128509,-109.649541,-0.121026,-0.043213
2010-06-21,09:30:00,26.984500,-82.788000,0.123257,-116.792828,-0.110024,-0.055560
2010-06-21,10:00:00,26.983900,-82.790000,0.116093,-108.605836,-0.110025,-0.037040
2010-06-21,10:30:00,26.983200,-82.791900,0.113105,-112.461579,-0.104524,-0.043213
2010-06-21,11:00:00,26.982600,-82.793800,0.110894,-109.512542,-0.104525,-0.037040
2010-06-21,11:30:00,26.982400,-82.795500,0.094334,-97.520575,-0.093523,-0.012347
2010-06-21,12:00:00,26.982300,-82.797300,0.099216,-93.567298,-0.099024,-0.006173
2010-06-21,12:30:00,26.982300,-82.799200,0.104526,-90.000000,-0.104526,0.000000
2010-06-21,13:00:00,26.982700,-82.801100,0.107403,-76.708006,-0.104525,0.024693
2010-06-21,13:30:00,26.983000,-82.803000,0.106153,-79.952473,-0.104525,0.018520
2010-06-21,14:00:00,26.983500,-82.804900,0.108987,-73.547864,-0.104525,0.030867
2010-06-21,14:30:00,26.984100,-82.806700,0.105724,-69.491445,-0.099023,0.037040
2010-06-21,15:00:00,26.984900,-82.808900,0.130716,-67.801476,-0.121027,0.049387
2010-06-21,15:30:00,26.986100,-82.811200,0.146619,-59.651623,-0.126527,0.074080
2010-06-21,16:00:00,26.987600,-82.813400,0.152387,-52.579205,-0.121025,0.092600
2010-06-21,16:30:00,26.989500,-82.815500,0.164630,-44.564045,-0.115522,0.117293
2010-06-21,17:00:00,26.991700,-82.817600,0.178298,-40.383734,-0.115520,0.135813
2010-06-21,17:30:00,26.994200,-82.819400,0.183365,-32.682807,-0.099015,0.154333
2010-06-21,18:00:00,26.997100,-82.820600,0.190808,-20.239264,-0.066008,0.179027
2010-06-21,18:30:00,27.000600,-82.821500,0.221665,-12.904776,-0.049505,0.216067
2010-06-21,19:00:00,27.004400,-82.821600,0.234651,-1.343169,-0.005500,0.234587
2010-06-21,19:30:00,27.008000,-82.820700,0.227686,12.557039,0.049502,0.222240
2010-06-21,20:00:00,27.011800,-82.818800,0.256810,24.011253,0.104500,0.234587
2010-06-21,20:30:00,27.015400,-82.816500,0.255718,29.647896,0.126496,0.222240
2010-06-21,21:00:00,27.018500,-82.813500,0.252676,40.765755,0.164990,0.191373
2010-06-21,21:30:00,27.020600,-82.809900,0.236651,56.783053,0.197983,0.129640
2010-06-21,22:00:00,27.021800,-82.805500,0.253061,72.978203,0.241975,0.074080
2010-06-21,22:30:00,27.022100,-82.800700,0.264620,85.986756,0.263971,0.018520
2010-06-21,23:00:00,27.022300,-82.797300,0.187387,86.222116,0.186979,0.012347
2010-06-21,23:30:00,27.022300,-82.795600,0.093490,90.000000,0.093490,0.000000
2010-06-22,00:00:00,27.022200,-82.793500,0.115652,93.059816,0.115487,-0.006173
2010-06-22,00:30:00,27.021800,-82.791400,0.118098,102.069148,0.115487,-0.024693
2010-06-22,01:00:00,27.021200,-82.789700,0.100560,111.613021,0.093490,-0.037040
2010-06-22,01:30:00,27.020200,-82.788700,0.082677,138.303995,0.054995,-0.061733
2010-06-22,02:00:00,27.018900,-82.788200,0.084833,161.086734,0.027498,-0.080253
2010-06-22,02:30:00,27.017500,-82.788300,0.086601,-176.359006,-0.005500,-0.086427
2010-06-22,03:00:00,27.015400,-82.789100,0.136903,-161.253744,-0.043997,-0.129640
2010-06-22,03:30:00,27.013400,-82.790400,0.142674,-149.925724,-0.071497,-0.123467
2010-06-22,04:00:00,27.011600,-82.792100,0.145222,-139.922321,-0.093498,-0.111120
2010-06-22,04:30:00,27.009600,-82.793900,0.158256,-141.276306,-0.098999,-0.123467
2010-06-22,05:00:00,27.007800,-82.795800,0.152539,-136.758268,-0.104501,-0.111120
2010-06-22,05:30:00,27.006200,-82.798100,0.160497,-127.982622,-0.126503,-0.098773
2010-06-22,06:00:00,27.004500,-82.800500,0.168639,-128.485363,-0.132005,-0.104947
2010-06-22,06:30:00,27.003000,-82.803100,0.170370,-122.923763,-0.143008,-0.092600
2010-06-22,07:00:00,27.001900,-82.805500,0.148451,-117.221776,-0.132009,-0.067907
2010-06-22,07:30:00,27.000600,-82.807800,0.149818,-122.389627,-0.126510,-0.080253
2010-06-22,08:00:00,26.999400,-82.810300,0.156197,-118.312083,-0.137512,-0.074080
2010-06-22,08:30:00,26.998200,-82.812900,0.161062,-117.383759,-0.143014,-0.074080
2010-06-22,09:00:00,26.997200,-82.816400,0.202176,-107.778868,-0.192521,-0.061733
2010-06-22,09:30:00,26.996300,-82.820100,0.210971,-105.269149,-0.203524,-0.055560
2010-06-22,10:00:00,26.995800,-82.823800,0.205852,-98.623782,-0.203525,-0.030867
2010-06-22,10:30:00,26.995200,-82.827500,0.206869,-100.314463,-0.203526,-0.037040
2010-06-22,11:00:00,26.994800,-82.831100,0.199560,-97.107943,-0.198026,-0.024693
2010-06-22,11:30:00,26.994400,-82.834800,0.205020,-96.917699,-0.203528,-0.024693
2010-06-22,12:00:00,26.994200,-82.838600,0.209393,-93.380351,-0.209029,-0.012347
2010-06-22,12:30:00,26.994400,-82.842300,0.203902,-86.528508,-0.203528,0.012347
2010-06-22,13:00:00,26.994900,-82.845900,0.200418,-81.140527,-0.198027,0.030867
2010-06-22,13:30:00,26.995800,-82.849500,0.205672,-74.327476,-0.198025,0.055560
2010-06-22,14:00:00,26.997000,-82.853400,0.226956,-70.949178,-0.214526,0.074080
2010-06-22,14:30:00,26.998400,-82.857200,0.226186,-67.535876,-0.209023,0.086427
2010-06-22,15:00:00,27.000500,-82.861200,0.255373,-59.492626,-0.220020,0.129640
2010-06-22,15:30:00,27.002900,-82.865400,0.274445,-57.326365,-0.231017,0.148160
2010-06-22,16:00:00,27.005800,-82.869200,0.275201,-49.418449,-0.209010,0.179027
2010-06-22,16:30:00,27.009100,-82.873000,0.291864,-45.733558,-0.209004,0.203720
2010-06-22,17:00:00,27.013000,-82.876600,0.311719,-39.433425,-0.197998,0.240760
2010-06-22,17:30:00,27.017200,-82.879900,0.316489,-34.991348,-0.181491,0.259280
2010-06-22,18:00:00,27.021800,-82.883000,0.331219,-30.978784,-0.170485,0.283973
2010-06-22,18:30:00,27.027100,-82.885600,0.357064,-23.605446,-0.142981,0.327187
2010-06-22,19:00:00,27.032700,-82.887600,0.362779,-17.647530,-0.109980,0.345707
2010-06-22,19:30:00,27.038600,-82.888900,0.371175,-11.103806,-0.071484,0.364227
2010-06-22,20:00:00,27.044700,-82.889400,0.377576,-4.175542,-0.027492,0.376573
2010-06-22,20:30:00,27.050800,-82.889000,0.377215,3.342382,0.021993,0.376573
2010-06-22,21:00:00,27.056900,-82.887800,0.382309,9.937139,0.065974,0.376573
2010-06-22,21:30:00,27.062600,-82.885600,0.372085,18.968580,0.120946,0.351880
2010-06-22,22:00:00,27.067800,-82.882400,0.366053,28.722452,0.175913,0.321013
2010-06-22,22:30:00,27.071900,-82.878300,0.338908,41.683543,0.225379,0.253107
2010-06-22,23:00:00,27.075300,-82.873600,0.332869,50.908626,0.258353,0.209893
2010-06-22,23:30:00,27.077700,-82.868700,0.307401,61.185444,0.269340,0.148160
2010-06-23,00:00:00,27.079700,-82.863800,0.296286,65.372635,0.269335,0.123467
2010-06-23,00:30:00,27.081200,-82.858800,0.290008,71.379309,0.274827,0.092600
2010-06-23,01:00:00,27.081800,-82.853800,0.277309,82.324103,0.274824,0.037040
2010-06-23,01:30:00,27.081700,-82.849100,0.258408,91.368918,0.258334,-0.006173
2010-06-23,02:00:00,27.081400,-82.845500,0.198738,95.347030,0.197873,-0.018520
2010-06-23,02:30:00,27.081200,-82.843200,0.127021,95.578062,0.126419,-0.012347
2010-06-23,03:00:00,27.081200,-82.842000,0.065958,90.000000,0.065958,0.000000
2010-06-23,03:30:00,27.081400,-82.841600,0.025216,60.682754,0.021986,0.012347
2010-06-23,04:00:00,27.082000,-82.841600,0.037040,0.000000,0.000000,0.037040
2010-06-23,04:30:00,27.082700,-82.842400,0.061651,-45.498283,-0.043972,0.043213
2010-06-23,05:00:00,27.083700,-82.843700,0.094428,-49.174033,-0.071453,0.061733
2010-06-23,05:30:00,27.084900,-82.845500,0.123595,-53.174878,-0.098934,0.074080
2010-06-23,06:00:00,27.086100,-82.847400,0.128037,-54.648957,-0.104430,0.074080
2010-06-23,06:30:00,27.087200,-82.849500,0.133915,-59.530032,-0.115421,0.067907
2010-06-23,07:00:00,27.088800,-82.851700,0.156131,-50.755387,-0.120916,0.098773
2010-06-23,07:30:00,27.090700,-82.853500,0.153443,-40.145512,-0.098930,0.117293
2010-06-23,08:00:00,27.092300,-82.855500,0.147779,-48.057347,-0.109920,0.098773
2010-06-23,08:30:00,27.093900,-82.857200,0.135961,-43.407754,-0.093431,0.098773
2010-06-23,09:00:00,27.095700,-82.859100,0.152484,-43.219790,-0.104421,0.111120
2010-06-23,09:30:00,27.097700,-82.860900,0.158208,-38.702236,-0.098923,0.123467
2010-06-23,10:00:00,27.099800,-82.862400,0.153629,-32.451195,-0.082435,0.129640
2010-06-23,10:30:00,27.101700,-82.863900,0.143363,-35.099352,-0.082433,0.117293
2010-06-23,11:00:00,27.103800,-82.865600,0.159795,-35.777681,-0.093423,0.129640
2010-06-23,11:30:00,27.106000,-82.867500,0.171310,-37.552597,-0.104411,0.135813
2010-06-23,12:00:00,27.108600,-82.869800,0.204296,-38.218473,-0.126390,0.160507
2010-06-23,12:30:00,27.110900,-82.871900,0.182966,-39.101872,-0.115397,0.141987
2010-06-23,13:00:00,27.113000,-82.873300,0.150747,-30.685396,-0.076930,0.129640
2010-06-23,13:30:00,27.114700,-82.874300,0.118462,-27.636096,-0.054949,0.104947
2010-06-23,14:00:00,27.116400,-82.875200,0.116015,-25.230923,-0.049453,0.104947
2010-06-23,14:30:00,27.118600,-82.875800,0.139758,-13.644479,-0.032968,0.135813
2010-06-23,15:00:00,27.120800,-82.876100,0.136810,-6.920215,-0.016484,0.135813
2010-06-23,15:30:00,27.122800,-82.876600,0.126486,-12.544511,-0.027473,0.123467
2010-06-23,16:00:00,27.124600,-82.877400,0.119498,-21.582085,-0.043955,0.111120
2010-06-23,16:30:00,27.126300,-82.878200,0.113780,-22.725320,-0.043955,0.104947
2010-06-23,17:00:00,27.128100,-82.878700,0.114465,-13.886300,-0.027471,0.111120
2010-06-23,17:30:00,27.129700,-82.879300,0.104129,-18.456102,-0.032965,0.098773
2010-06-23,18:00:00,27.131100,-82.880000,0.094597,-23.988370,-0.038459,0.086427
2010-06-23,18:30:00,27.132700,-82.880500,0.102522,-15.541898,-0.027470,0.098773
2010-06-23,19:00:00,27.134200,-82.880500,0.092600,0.000000,0.000000,0.092600
2010-06-23,19:30:00,27.135400,-82.879800,0.083467,27.435149,0.038457,0.074080
2010-06-23,20:00:00,27.135900,-82.878200,0.093163,70.651197,0.087901,0.030867
2010-06-23,20:30:00,27.135800,-82.875800,0.131996,92.680647,0.131852,-0.006173
2010-06-23,21:00:00,27.135800,-82.872900,0.159321,90.000000,0.159321,0.000000
2010-06-23,21:30:00,27.135600,-82.869700,0.176235,94.017306,0.175802,-0.012347
2010-06-23,22:00:00,27.135200,-82.865800,0.215678,96.574303,0.214260,-0.024693
2010-06-23,22:30:00,27.134700,-82.861400,0.243693,97.276758,0.241730,-0.030867
2010-06-23,23:00:00,27.134500,-82.856400,0.274971,92.573540,0.274694,-0.012347
2010-06-23,23:30:00,27.134000,-82.851600,0.265507,96.676039,0.263707,-0.030867
2010-06-24,00:00:00,27.133100,-82.847400,0.237340,103.538259,0.230745,-0.055560
2010-06-24,00:30:00,27.132300,-82.844400,0.172059,106.680393,0.164819,-0.049387
2010-06-24,01:00:00,27.131600,-82.842100,0.133547,108.879649,0.126362,-0.043213
2010-06-24,01:30:00,27.130900,-82.840200,0.112978,112.488229,0.104387,-0.043213
2010-06-24,02:00:00,27.129800,-82.839100,0.090905,138.331833,0.060435,-0.067907
2010-06-24,02:30:00,27.128300,-82.839100,0.092600,180.000000,0.000000,-0.092600
2010-06-24,03:00:00,27.127200,-82.839600,0.073253,-157.974607,-0.027471,-0.067907
2010-06-24,03:30:00,27.126000,-82.840600,0.092231,-143.436867,-0.054943,-0.074080
2010-06-24,04:00:00,27.124900,-82.841800,0.094649,-135.845299,-0.065932,-0.067907
2010-06-24,04:30:00,27.123800,-82.843200,0.102607,-131.438260,-0.076921,-0.067907
2010-06-24,05:00:00,27.122900,-82.844800,0.103996,-122.293019,-0.087911,-0.055560
2010-06-24,05:30:00,27.122700,-82.846700,0.105122,-96.744984,-0.104395,-0.012347
2010-06-24,06:00:00,27.122300,-82.848700,0.112630,-102.664598,-0.109890,-0.024693
2010-06-24,06:30:00,27.122100,-82.850800,0.116043,-96.107680,-0.115384,-0.012347
2010-06-24,07:00:00,27.122000,-82.852900,0.115549,-93.062536,-0.115384,-0.006173
2010-06-24,07:30:00,27.122400,-82.854800,0.107276,-76.692034,-0.104395,0.024693
2010-06-24,08:00:00,27.123100,-82.856500,0.102918,-65.172832,-0.093406,0.043213
2010-06-24,08:30:00,27.124400,-82.857400,0.094265,-31.640146,-0.049450,0.080253
2010-06-24,09:00:00,27.126000,-82.857800,0.101189,-12.544142,-0.021977,0.098773
2010-06-24,09:30:00,27.127800,-82.858200,0.113272,-11.187439,-0.021977,0.111120
2010-06-24,10:00:00,27.129600,-82.858600,0.113272,-11.187264,-0.021977,0.111120
2010-06-24,10:30:00,27.131400,-82.858500,0.111256,2.830558,0.005494,0.111120
2010-06-24,11:00:00,27.133300,-82.858500,0.117293,0.000000,0.000000,0.117293
2010-06-24,11:30:00,27.135000,-82.858400,0.105090,2.996669,0.005494,0.104947
2010-06-24,12:00:00,27.136700,-82.858200,0.105520,5.976942,0.010988,0.104947
2010-06-24,12:30:00,27.138400,-82.857500,0.111771,20.124612,0.038456,0.104947
2010-06-24,13:00:00,27.139800,-82.856600,0.099570,29.772996,0.049443,0.086427
2010-06-24,13:30:00,27.140800,-82.855400,0.090315,46.879858,0.065923,0.061733
2010-06-24,14:00:00,27.141800,-82.853900,0.102963,53.160875,0.082403,0.061733
2010-06-24,14:30:00,27.142500,-82.852600,0.083472,58.822023,0.071416,0.043213
2010-06-24,15:00:00,27.142500,-82.851300,0.071415,90.000000,0.071415,0.000000
2010-06-24,15:30:00,27.142200,-82.850300,0.057973,108.630283,0.054935,-0.018520
2010-06-24,16:00:00,27.141800,-82.849800,0.036935,131.955510,0.027468,-0.024693
2010-06-24,16:30:00,27.141200,-82.849900,0.037445,-171.563746,-0.005494,-0.037040
2010-06-24,17:00:00,27.140200,-82.850100,0.062703,-169.908293,-0.010987,-0.061733
2010-06-24,17:30:00,27.138800,-82.850400,0.087984,-169.203740,-0.016481,-0.086427
2010-06-24,18:00:00,27.137300,-82.850800,0.095172,-166.650122,-0.021975,-0.092600
2010-06-24,18:30:00,27.135700,-82.851200,0.101188,-167.457085,-0.021975,-0.098773
2010-06-24,19:00:00,27.134300,-82.851900,0.094597,-156.012506,-0.038457,-0.086427
2010-06-24,19:30:00,27.132700,-82.852400,0.102522,-164.458314,-0.027470,-0.098773
2010-06-24,20:00:00,27.131200,-82.852600,0.093250,-173.232860,-0.010988,-0.092600
2010-06-24,20:30:00,27.129700,-82.852000,0.098293,160.404869,0.032965,-0.092600
2010-06-24,21:00:00,27.128100,-82.851200,0.108111,156.011345,0.043953,-0.098773
2010-06-24,21:30:00,27.126300,-82.849900,0.132095,147.268096,0.071425,-0.111120
2010-06-24,22:00:00,27.124300,-82.848500,0.145468,148.076760,0.076921,-0.123467
2010-06-24,22:30:00,27.121900,-82.846900,0.172278,149.317110,0.087911,-0.148160
2010-06-24,23:00:00,27.119800,-82.845300,0.156637,145.857587,0.087913,-0.129640
2010-06-24,23:30:00,27.118100,-82.843600,0.140496,138.328932,0.093409,-0.104947
2010-06-25,00:00:00,27.116000,-82.841800,0.163061,142.659145,0.098905,-0.129640
2010-06-25,00:30:00,27.113900,-82.839800,0.169953,139.711773,0.109897,-0.129640
2010-06-25,01:00:00,27.111700,-82.837500,0.185521,137.059649,0.126384,-0.135813
2010-06-25,01:30:00,27.109600,-82.835300,0.177260,136.999998,0.120891,-0.129640
2010-06-25,02:00:00,27.107400,-82.833400,0.171308,142.448294,0.104408,-0.135813
2010-06-25,02:30:00,27.105600,-82.832700,0.117590,160.905489,0.038467,-0.111120
2010-06-25,03:00:00,27.104400,-82.832400,0.075892,167.453665,0.016486,-0.074080
2010-06-25,03:30:00,27.103600,-82.832800,0.054058,-156.006608,-0.021982,-0.049387
2010-06-25,04:00:00,27.103200,-82.833900,0.065299,-112.219765,-0.060450,-0.024693
2010-06-25,04:30:00,27.102700,-82.835300,0.082897,-111.860595,-0.076936,-0.030867
2010-06-25,05:00:00,27.102400,-82.836900,0.089857,-101.894269,-0.087927,-0.018520
2010-06-25,05:30:00,27.101900,-82.839000,0.119462,-104.974056,-0.115405,-0.030867
2010-06-25,06:00:00,27.101300,-82.841200,0.126448,-107.033297,-0.120901,-0.037040
2010-06-25,06:30:00,27.101000,-82.843600,0.133186,-97.993059,-0.131893,-0.018520
2010-06-25,07:00:00,27.100900,-82.845700,0.115571,-93.061960,-0.115406,-0.006173
2010-06-25,07:30:00,27.101000,-82.847900,0.121059,-87.076973,-0.120902,0.006173
2010-06-25,08:00:00,27.101200,-82.850100,0.121530,-84.169075,-0.120902,0.012347
2010-06-25,08:30:00,27.101700,-82.852000,0.108881,-73.531468,-0.104415,0.030867
2010-06-25,09:00:00,27.102300,-82.853900,0.110789,-70.468310,-0.104414,0.037040
2010-06-25,09:30:00,27.103100,-82.855800,0.115504,-64.686265,-0.104414,0.049387
2010-06-25,10:30:00,27.105100,-82.858100,0.088345,-45.671175,-0.063197,0.061733
2010-06-25,11:00:00,27.106500,-82.858800,0.094601,-23.993050,-0.038467,0.086427
2010-06-25,11:30:00,27.107900,-82.859400,0.092502,-20.881615,-0.032971,0.086427
2010-06-25,12:00:00,27.109300,-82.859900,0.090689,-17.635914,-0.027476,0.086427
2010-06-25,12:30:00,27.110600,-82.860400,0.084826,-18.899107,-0.027475,0.080253
2010-06-25,13:00:00,27.111700,-82.861100,0.078044,-29.529065,-0.038465,0.067907
2010-06-25,13:30:00,27.112900,-82.861700,0.081085,-23.991814,-0.032970,0.074080
2010-06-25,14:00:00,27.114200,-82.862300,0.086762,-22.333727,-0.032969,0.080253
2010-06-25,14:30:00,27.115100,-82.862900,0.064606,-30.684789,-0.032969,0.055560
2010-06-25,15:00:00,27.115700,-82.863100,0.038636,-16.525453,-0.010990,0.037040
2010-06-25,15:30:00,27.116100,-82.863500,0.033058,-41.671843,-0.021979,0.024693
2010-06-25,16:00:00,27.116400,-82.864000,0.033133,-56.016326,-0.027474,0.018520
2010-06-25,16:30:00,27.116700,-82.864800,0.047700,-67.153827,-0.043958,0.018520
2010-06-25,17:00:00,27.116700,-82.866100,0.071432,-90.000000,-0.071432,0.000000
2010-06-25,17:30:00,27.117000,-82.867800,0.095229,-78.785739,-0.093411,0.018520
2010-06-25,18:00:00,27.117300,-82.869400,0.089845,-78.104223,-0.087916,0.018520
2010-06-25,18:30:00,27.117600,-82.871000,0.089845,-78.104192,-0.087916,0.018520
2010-06-25,19:00:00,27.118100,-82.872700,0.098378,-71.714226,-0.093410,0.030867
2010-06-25,19:30:00,27.118700,-82.874100,0.085379,-64.288954,-0.076925,0.037040
2010-06-25,20:00:00,27.119200,-82.875000,0.058294,-58.028572,-0.049452,0.030867
2010-06-25,20:30:00,27.119100,-82.875300,0.017602,-110.531246,-0.016484,-0.006173
2010-06-25,21:00:00,27.118400,-82.875200,0.043561,172.753615,0.005495,-0.043213
2010-06-25,21:30:00,27.117400,-82.874500,0.072735,148.075059,0.038463,-0.061733
2010-06-25,22:00:00,27.116300,-82.873300,0.094652,135.843098,0.065937,-0.067907
2010-06-25,22:30:00,27.114900,-82.872000,0.112126,140.425895,0.071433,-0.086427
2010-06-25,23:00:00,27.113200,-82.870500,0.133444,141.854501,0.082423,-0.104947
2010-06-25,23:30:00,27.111400,-82.868800,0.145169,139.947437,0.093415,-0.111120
2010-06-26,00:00:00,27.109600,-82.867100,0.145170,139.946983,0.093416,-0.111120
2010-06-26,00:30:00,27.107700,-82.865300,0.153432,139.859254,0.098913,-0.117293
2010-06-26,01:00:00,27.105100,-82.863400,0.191478,146.955880,0.104410,-0.160507
2010-06-26,01:30:00,27.102400,-82.861300,0.202732,145.302644,0.115403,-0.166680
2010-06-26,02:00:00,27.099900,-82.859400,0.186336,145.919495,0.104415,-0.154333
2010-06-26,02:30:00,27.097100,-82.857700,0.196486,151.609063,0.093426,-0.172853
2010-06-26,03:00:00,27.094500,-82.856900,0.166419,164.681192,0.043966,-0.160507
2010-06-26,03:30:00,27.091900,-82.856600,0.161351,174.134972,0.016488,-0.160507
2010-06-26,04:00:00,27.089600,-82.856700,0.142093,-177.783296,-0.005496,-0.141987
2010-06-26,04:30:00,27.088100,-82.857900,0.113687,-144.539966,-0.065954,-0.092600
2010-06-26,05:00:00,27.087000,-82.860100,0.138680,-119.318611,-0.120916,-0.067907
2010-06-26,05:30:00,27.086700,-82.862400,0.127763,-98.334751,-0.126413,-0.018520
2010-06-26,06:00:00,27.086300,-82.865000,0.145020,-99.803822,-0.142902,-0.024693
2010-06-26,06:30:00,27.086100,-82.867500,0.137960,-95.134528,-0.137406,-0.012347
2010-06-26,07:00:00,27.086300,-82.870100,0.143435,-85.061958,-0.142903,0.012347
2010-06-26,07:30:00,27.086400,-82.872900,0.154019,-87.702873,-0.153895,0.006173
2010-06-26,08:00:00,27.086900,-82.875800,0.162352,-79.040107,-0.159391,0.030867
2010-06-26,08:30:00,27.087600,-82.878900,0.175777,-75.768412,-0.170382,0.043213
2010-06-26,09:00:00,27.088500,-82.881800,0.168795,-70.782390,-0.159389,0.055560
2010-06-26,09:30:00,27.089900,-82.884100,0.153131,-55.639651,-0.126411,0.086427
2010-06-26,10:00:00,27.091600,-82.886200,0.155996,-47.720230,-0.115417,0.104947
2010-06-26,10:30:00,27.093800,-82.887900,0.164847,-34.525504,-0.093431,0.135813
2010-06-26,11:00:00,27.095900,-82.889700,0.163073,-37.346334,-0.098925,0.129640
2010-06-26,11:30:00,27.098500,-82.891100,0.177995,-25.611072,-0.076940,0.160507
2010-06-26,12:00:00,27.101200,-82.891900,0.172381,-14.776203,-0.043965,0.166680
2010-06-26,12:30:00,27.103700,-82.892700,0.160473,-15.900232,-0.043964,0.154333
2010-06-26,13:00:00,27.106300,-82.893400,0.165052,-13.477419,-0.038467,0.160507
2010-06-26,13:30:00,27.108500,-82.894000,0.139758,-13.645664,-0.032971,0.135813
2010-06-26,14:00:00,27.110800,-82.894700,0.147105,-15.158213,-0.038466,0.141987
2010-06-26,14:30:00,27.112900,-82.895400,0.135226,-16.525949,-0.038465,0.129640
2010-06-26,15:00:00,27.115000,-82.896000,0.133767,-14.268685,-0.032969,0.129640
2010-06-26,16:00:00,27.118600,-82.897600,0.119499,-21.583293,-0.043958,0.111120
2010-06-26,16:30:00,27.120200,-82.898700,0.115798,-31.463098,-0.060441,0.098773
2010-06-26,17:00:00,27.121800,-82.900400,0.135945,-43.400625,-0.093407,0.098773
2010-06-26,17:30:00,27.123400,-82.902400,0.147756,-48.049433,-0.109889,0.098773
2010-06-26,18:00:00,27.125000,-82.904500,0.151886,-49.434715,-0.115382,0.098773
2010-06-26,18:30:00,27.126800,-82.906900,0.172440,-49.879489,-0.131863,0.111120
2010-06-26,19:00:00,27.128800,-82.909100,0.172784,-44.391765,-0.120873,0.123467
2010-06-26,19:30:00,27.130800,-82.911200,0.168984,-43.059991,-0.115376,0.123467
2010-06-26,20:00:00,27.133100,-82.912900,0.169951,-33.336740,-0.093398,0.141987
2010-06-26,20:30:00,27.135300,-82.914200,0.153448,-27.738718,-0.071421,0.135813
2010-06-26,21:00:00,27.137500,-82.914600,0.137580,-9.191042,-0.021975,0.135813
2010-06-26,21:30:00,27.139500,-82.914500,0.123589,2.547714,0.005494,0.123467
2010-06-26,22:00:00,27.141400,-82.913800,0.123436,18.151967,0.038455,0.117293
2010-06-26,22:30:00,27.143500,-82.912800,0.140799,22.964803,0.054935,0.129640
2010-06-26,23:00:00,27.145500,-82.911800,0.135136,23.985686,0.054934,0.123467
2010-06-26,23:30:00,27.148100,-82.912100,0.161350,-5.862239,-0.016480,0.160507
2010-06-27,00:00:00,27.150000,-82.913100,0.129519,-25.094991,-0.054932,0.117293
2010-06-27,00:30:00,27.151300,-82.913500,0.083207,-15.311651,-0.021972,0.080253
2010-06-27,01:00:00,27.152600,-82.913500,0.080253,0.000000,0.000000,0.080253
2010-06-27,01:30:00,27.153300,-82.913100,0.048478,26.951162,0.021972,0.043213
2010-06-27,02:00:00,27.153700,-82.912700,0.033053,41.662274,0.021972,0.024693
2010-06-27,02:30:00,27.154100,-82.912400,0.029687,33.716685,0.016479,0.024693
2010-06-27,03:00:00,27.154500,-82.912000,0.033053,41.662070,0.021972,0.024693
2010-06-27,03:30:00,27.154800,-82.911500,0.033125,56.007204,0.027464,0.018520
2010-06-27,04:00:00,27.154700,-82.911300,0.012601,119.333308,0.010986,-0.006173
2010-06-27,04:30:00,27.154400,-82.911100,0.021533,149.324184,0.010986,-0.018520
2010-06-27,05:00:00,27.154300,-82.911100,0.006173,180.000000,0.000000,-0.006173
2010-06-27,05:30:00,27.154400,-82.911500,0.022822,-74.306324,-0.021972,0.006173
2010-06-27,06:00:00,27.154200,-82.912100,0.035194,-110.537163,-0.032957,-0.012347
2010-06-27,06:30:00,27.154200,-82.912800,0.038450,-90.000000,-0.038450,0.000000
2010-06-27,07:00:00,27.154200,-82.913600,0.043943,-90.000000,-0.043943,0.000000
2010-06-27,07:30:00,27.153900,-82.914500,0.052791,-110.537121,-0.049436,-0.018520
2010-06-27,08:00:00,27.153700,-82.915500,0.056300,-102.668030,-0.054929,-0.012347
2010-06-27,08:30:00,27.153900,-82.916400,0.050955,-75.977329,-0.049436,0.012347
2010-06-27,09:00:00,27.154000,-82.917300,0.049820,-82.882074,-0.049436,0.006173
2010-06-27,09:30:00,27.154000,-82.918300,0.054929,-90.000000,-0.054929,0.000000
2010-06-27,10:00:00,27.154400,-82.919100,0.050406,-60.666812,-0.043943,0.024693
2010-06-27,10:30:00,27.154900,-82.919600,0.041316,-41.661981,-0.027464,0.030867
2010-06-27,11:00:00,27.155300,-82.920300,0.045697,-57.290716,-0.038450,0.024693
2010-06-27,11:30:00,27.155600,-82.921000,0.042678,-64.281530,-0.038450,0.018520
2010-06-27,12:00:00,27.156400,-82.921200,0.050594,-12.540795,-0.010986,0.049387
2010-06-27,12:30:00,27.157300,-82.921200,0.055560,0.000000,0.000000,0.055560
2010-06-27,13:00:00,27.158200,-82.921200,0.055560,0.000000,0.000000,0.055560
2010-06-27,13:30:00,27.159000,-82.920900,0.052063,18.451530,0.016478,0.049387
2010-06-27,14:00:00,27.159900,-82.920600,0.057952,16.519297,0.016478,0.055560
2010-06-27,14:30:00,27.161000,-82.920100,0.073250,22.019565,0.027463,0.067907
2010-06-27,15:00:00,27.161800,-82.919400,0.062588,37.901065,0.038448,0.049387
2010-06-27,15:30:00,27.162700,-82.919200,0.056636,11.183990,0.010985,0.055560
2010-06-27,16:00:00,27.163700,-82.918900,0.063895,14.944590,0.016477,0.061733
2010-06-27,16:30:00,27.164600,-82.918800,0.055831,5.645677,0.005492,0.055560
2010-06-27,17:00:00,27.165400,-82.918900,0.049691,-6.345898,-0.005492,0.049387
2010-06-27,17:30:00,27.166100,-82.919300,0.048477,-26.948509,-0.021969,0.043213
2010-06-27,18:00:00,27.167000,-82.919800,0.061976,-26.301731,-0.027462,0.055560
2010-06-27,18:30:00,27.168000,-82.920600,0.075773,-35.440995,-0.043938,0.061733
2010-06-27,19:00:00,27.169100,-82.921600,0.087337,-38.965527,-0.054922,0.067907
2010-06-27,19:30:00,27.170600,-82.922800,0.113659,-35.440425,-0.065906,0.092600
2010-06-27,20:00:00,27.172300,-82.923700,0.116004,-25.219874,-0.049429,0.104947
2010-06-27,20:30:00,27.174200,-82.924300,0.121834,-15.691948,-0.032952,0.117293
2010-06-27,21:00:00,27.176300,-82.924500,0.130104,-4.842826,-0.010984,0.129640
2010-06-27,21:30:00,27.178600,-82.924200,0.142939,6.618676,0.016475,0.141987
2010-06-27,22:00:00,27.180800,-82.923600,0.139753,13.637169,0.032950,0.135813
2010-06-27,22:30:00,27.183200,-82.922400,0.162154,23.978540,0.065899,0.148160
2010-06-27,23:00:00,27.185500,-82.920800,0.166973,31.749689,0.087863,0.141987
2010-06-27,23:30:00,27.188100,-82.919300,0.180408,27.166240,0.082370,0.160507
2010-06-28,00:00:00,27.190600,-82.917400,0.186290,34.059519,0.104333,0.154333
2010-06-28,00:30:00,27.192600,-82.915600,0.158156,38.678496,0.098839,0.123467
2010-06-28,01:00:00,27.194400,-82.913700,0.152421,43.194538,0.104329,0.111120
2010-06-28,01:30:00,27.195900,-82.911800,0.139495,48.407979,0.104327,0.092600
2010-06-28,02:00:00,27.197500,-82.910300,0.128607,39.823123,0.082362,0.098773
2010-06-28,02:30:00,27.198600,-82.909100,0.094619,44.136084,0.065889,0.067907
2010-06-28,03:00:00,27.199700,-82.907800,0.098521,46.428133,0.071379,0.067907
2010-06-28,03:30:00,27.201000,-82.906900,0.094247,31.622596,0.049416,0.080253
2010-06-28,04:00:00,27.202100,-82.906200,0.078029,29.509183,0.038434,0.067907
2010-06-28,04:30:00,27.202800,-82.906100,0.043561,7.241014,0.005491,0.043213
2010-06-28,05:00:00,27.203400,-82.906300,0.038633,-16.513188,-0.010981,0.037040
2010-06-28,05:30:00,27.204100,-82.907200,0.065644,-48.829964,-0.049414,0.043213
2010-06-28,06:00:00,27.204600,-82.908000,0.053685,-54.902928,-0.043924,0.030867
2010-06-28,06:30:00,27.205000,-82.909300,0.075526,-70.916250,-0.071376,0.024693
2010-06-28,07:00:00,27.205800,-82.911400,0.125430,-66.812709,-0.115298,0.049387
2010-06-28,07:30:00,27.206700,-82.913900,0.148077,-67.962759,-0.137259,0.055560
2010-06-28,08:00:00,27.207900,-82.916900,0.180602,-65.783568,-0.164709,0.074080
2010-06-28,08:30:00,27.209300,-82.919900,0.186005,-62.312695,-0.164707,0.086427
2010-06-28,09:00:00,27.211200,-82.923000,0.206698,-55.426532,-0.170195,0.117293
2010-06-28,09:30:00,27.213200,-82.925900,0.201476,-52.206894,-0.159212,0.123467
2010-06-28,10:00:00,27.215000,-82.928500,0.180893,-52.099859,-0.142739,0.111120
2010-06-28,10:30:00,27.216900,-82.931000,0.180539,-49.482296,-0.137247,0.117293
2010-06-28,11:00:00,27.218900,-82.933600,0.188725,-49.139857,-0.142734,0.123467
2010-06-28,11:30:00,27.221500,-82.935900,0.204217,-38.190317,-0.126262,0.160507
2010-06-28,12:00:00,27.224100,-82.937700,0.188484,-31.617442,-0.098812,0.160507
2010-06-28,12:30:00,27.226700,-82.939200,0.180395,-27.158181,-0.082341,0.160507
2010-06-28,13:00:00,27.229600,-82.940300,0.188935,-18.638202,-0.060382,0.179027
2010-06-28,13:30:00,27.232700,-82.941100,0.196347,-12.923520,-0.043913,0.191373
2010-06-28,14:00:00,27.236200,-82.941300,0.216345,-2.908587,-0.010978,0.216067
2010-06-28,14:30:00,27.239300,-82.941500,0.191688,-3.283018,-0.010978,0.191373
2010-06-28,15:00:00,27.242000,-82.941700,0.167041,-3.767982,-0.010977,0.166680
2010-06-28,15:30:00,27.244900,-82.941800,0.179111,-1.755999,-0.005489,0.179027
2010-06-28,16:00:00,27.247800,-82.942000,0.179363,-3.508615,-0.010977,0.179027
2010-06-28,16:30:00,27.250500,-82.942100,0.166770,-1.885886,-0.005488,0.166680
2010-06-28,17:00:00,27.252900,-82.942200,0.148262,-2.121370,-0.005488,0.148160
2010-06-28,17:30:00,27.255400,-82.942500,0.155209,-6.089175,-0.016464,0.154333
2010-06-28,18:00:00,27.258000,-82.942900,0.162001,-7.787664,-0.021951,0.160507
2010-06-28,18:30:00,27.260000,-82.943700,0.131040,-19.574272,-0.043902,0.123467
2010-06-28,19:00:00,27.261900,-82.944700,0.129496,-25.072905,-0.054877,0.117293
2010-06-28,19:30:00,27.263800,-82.945700,0.129495,-25.072529,-0.054876,0.117293
2010-06-28,20:00:00,27.265700,-82.946600,0.127267,-22.833893,-0.049387,0.117293
2010-06-28,20:30:00,27.267300,-82.947700,0.115757,-31.429461,-0.060361,0.098773
2010-06-28,21:00:00,27.269000,-82.948500,0.113758,-22.699204,-0.043898,0.104947
2010-06-28,21:30:00,27.270700,-82.949300,0.113758,-22.698892,-0.043898,0.104947
2010-06-28,22:00:00,27.272200,-82.949800,0.096579,-16.503602,-0.027436,0.092600
2010-06-28,22:30:00,27.273600,-82.950200,0.089170,-14.249190,-0.021948,0.086427
2010-06-28,23:00:00,27.274800,-82.950500,0.075887,-12.527917,-0.016461,0.074080
2010-06-28,23:30:00,27.276200,-82.951000,0.090677,-17.611172,-0.027435,0.086427
2010-06-29,00:00:00,27.277400,-82.953500,0.155897,-61.628636,-0.137172,0.074080
2010-06-29,01:00:00,27.279600,-82.957600,0.131388,-58.879520,-0.112479,0.067907
2010-06-29,01:30:00,27.281100,-82.959000,0.120313,-39.676482,-0.076814,0.092600
2010-06-29,02:00:00,27.282600,-82.960000,0.107634,-30.647094,-0.054866,0.092600
2010-06-29,02:30:00,27.284100,-82.961100,0.110531,-33.094312,-0.060352,0.092600
2010-06-29,03:00:00,27.286000,-82.961800,0.123421,-18.129967,-0.038405,0.117293
2010-06-29,03:30:00,27.288000,-82.962600,0.131036,-19.569715,-0.043891,0.123467
2010-06-29,04:00:00,27.289800,-82.963800,0.129159,-30.645499,-0.065835,0.111120
2010-06-29,04:30:00,27.291600,-82.965200,0.135081,-34.652408,-0.076807,0.111120
2010-06-29,05:00:00,27.293400,-82.966600,0.135080,-34.651973,-0.076805,0.111120
2010-06-29,05:30:00,27.295300,-82.968100,0.143281,-35.052564,-0.082290,0.117293
2010-06-29,06:00:00,27.297000,-82.969600,0.133361,-38.100038,-0.082289,0.104947
2010-06-29,06:30:00,27.298700,-82.971400,0.144099,-43.256109,-0.098745,0.104947
2010-06-29,07:00:00,27.299900,-82.973400,0.132383,-55.972696,-0.109715,0.074080
2010-06-29,07:30:00,27.301100,-82.975700,0.146311,-59.581160,-0.126171,0.074080
2010-06-29,08:00:00,27.302000,-82.977900,0.132859,-65.279867,-0.120684,0.055560
2010-06-29,08:30:00,27.303200,-82.979900,0.132380,-55.971906,-0.109712,0.074080
2010-06-29,09:00:00,27.304400,-82.982000,0.136960,-57.255915,-0.115196,0.074080
2010-06-29,09:30:00,27.305900,-82.984200,0.152114,-52.500413,-0.120680,0.092600
2010-06-29,10:00:00,27.307700,-82.986200,0.156152,-44.633619,-0.109708,0.111120
2010-06-29,10:30:00,27.309900,-82.987700,0.158793,-31.208627,-0.082279,0.135813
2010-06-29,11:00:00,27.312300,-82.989400,0.175062,-32.185255,-0.093248,0.148160
2010-06-29,11:30:00,27.314900,-82.990800,0.177930,-25.567738,-0.076791,0.160507
2010-06-29,12:00:00,27.317900,-82.992100,0.198452,-21.057233,-0.071304,0.185200
2010-06-29,12:30:00,27.320900,-82.993400,0.198452,-21.056713,-0.071302,0.185200
2010-06-29,13:00:00,27.324000,-82.994700,0.204224,-20.433912,-0.071300,0.191373
2010-06-29,13:30:00,27.327400,-82.995800,0.218391,-16.036092,-0.060329,0.209893
2010-06-29,14:00:00,27.330900,-82.996900,0.224330,-15.600070,-0.060327,0.216067
2010-06-29,14:30:00,27.334400,-82.997500,0.218558,-8.659017,-0.032905,0.216067
2010-06-29,15:00:00,27.338000,-82.998100,0.224663,-8.421721,-0.032904,0.222240
2010-06-29,15:30:00,27.341700,-82.998400,0.229005,-4.119567,-0.016451,0.228413
2010-06-29,16:00:00,27.345300,-82.998600,0.222510,-2.825155,-0.010967,0.222240
2010-06-29,16:30:00,27.348700,-82.999000,0.211036,-5.965694,-0.021934,0.209893
2010-06-29,17:00:00,27.351900,-82.999400,0.198761,-6.335419,-0.021933,0.197547
2010-06-29,17:30:00,27.355100,-83.000400,0.205015,-15.512470,-0.054831,0.197547
2010-06-29,18:00:00,27.358200,-83.001500,0.200652,-17.492492,-0.060312,0.191373
2010-06-29,18:30:00,27.361200,-83.002800,0.198442,-21.049728,-0.071276,0.185200
2010-06-29,19:00:00,27.363800,-83.004200,0.177916,-25.557897,-0.076757,0.160507
2010-06-29,19:30:00,27.366300,-83.005600,0.172366,-26.442708,-0.076755,0.154333
2010-06-29,20:00:00,27.368900,-83.007300,0.185604,-30.142224,-0.093201,0.160507
2010-06-29,20:30:00,27.371400,-83.009200,0.186195,-34.016272,-0.104163,0.154333
2010-06-29,21:00:00,27.374100,-83.011100,0.196549,-32.001795,-0.104160,0.166680
2010-06-29,21:30:00,27.377000,-83.013000,0.207122,-30.190877,-0.104158,0.179027
2010-06-29,22:00:00,27.379700,-83.014700,0.190963,-29.209744,-0.093192,0.166680
2010-06-29,22:30:00,27.382200,-83.016300,0.177515,-29.609558,-0.087708,0.154333
2010-06-29,23:00:00,27.384900,-83.017600,0.181274,-23.148174,-0.071261,0.166680
2010-06-29,23:30:00,27.387800,-83.018900,0.192687,-21.704304,-0.071259,0.179027
2010-06-30,00:00:00,27.390900,-83.020200,0.204209,-20.422591,-0.071257,0.191373
2010-06-30,00:30:00,27.394000,-83.022200,0.220547,-29.805084,-0.109623,0.191373
2010-06-30,01:00:00,27.397000,-83.024800,0.233681,-37.577250,-0.142506,0.185200
2010-06-30,01:30:00,27.400300,-83.027200,0.242497,-32.849999,-0.131540,0.203720
2010-06-30,02:00:00,27.404000,-83.028900,0.246685,-22.190903,-0.093171,0.228413
2010-06-30,02:30:00,27.408000,-83.030600,0.263925,-20.671544,-0.093168,0.246933
2010-06-30,03:00:00,27.411900,-83.032100,0.254407,-18.851789,-0.082204,0.240760
2010-06-30,03:30:00,27.415500,-83.033800,0.240977,-22.743147,-0.093162,0.222240
2010-06-30,04:00:00,27.419200,-83.035100,0.239265,-17.321978,-0.071239,0.228413
2010-06-30,04:30:00,27.422600,-83.036300,0.219953,-17.395113,-0.065757,0.209893
2010-06-30,05:00:00,27.426100,-83.037500,0.225851,-16.926409,-0.065755,0.216067
2010-06-30,05:30:00,27.429800,-83.038900,0.240951,-18.564377,-0.076712,0.228413
2010-06-30,06:00:00,27.433400,-83.041000,0.250260,-27.372599,-0.115063,0.222240
2010-06-30,06:30:00,27.437000,-83.043100,0.250259,-27.371836,-0.115060,0.222240
2010-06-30,07:00:00,27.440400,-83.045400,0.244816,-30.979366,-0.126014,0.209893
2010-06-30,07:30:00,27.444100,-83.047600,0.258264,-27.820087,-0.120531,0.228413
2010-06-30,08:00:00,27.447900,-83.050000,0.268922,-29.270280,-0.131484,0.234587
2010-06-30,08:30:00,27.451100,-83.052900,0.253505,-38.807009,-0.158871,0.197547
2010-06-30,09:00:00,27.454300,-83.055900,0.256971,-39.758077,-0.164345,0.197547
2010-06-30,09:30:00,27.458000,-83.059200,0.291293,-38.359245,-0.180774,0.228413
2010-06-30,10:00:00,27.461000,-83.062400,0.255002,-43.425391,-0.175290,0.185200
2010-06-30,10:30:00,27.464800,-83.065400,0.286418,-35.011535,-0.164330,0.234587
2010-06-30,11:00:00,27.468800,-83.068400,0.296612,-33.642125,-0.164324,0.246933
2010-06-30,11:30:00,27.472800,-83.070800,0.279743,-28.028499,-0.131454,0.246933
2010-06-30,12:00:00,27.477000,-83.072900,0.283646,-23.922386,-0.115018,0.259280
2010-06-30,12:30:00,27.481300,-83.075000,0.289299,-23.425800,-0.115014,0.265453
2010-06-30,13:00:00,27.485900,-83.076900,0.302438,-20.124280,-0.104056,0.283973
2010-06-30,13:30:00,27.490300,-83.078200,0.280802,-14.686845,-0.071193,0.271627
2010-06-30,14:00:00,27.494900,-83.079700,0.295615,-16.133153,-0.082143,0.283973
2010-06-30,14:30:00,27.499600,-83.081100,0.300104,-14.800600,-0.076663,0.290147
2010-06-30,15:00:00,27.504100,-83.082400,0.286775,-14.372417,-0.071184,0.277800
2010-06-30,15:30:00,27.508700,-83.083500,0.290290,-11.974912,-0.060230,0.283973
2010-06-30,16:00:00,27.513400,-83.084600,0.296332,-11.726774,-0.060228,0.290147
2010-06-30,16:30:00,27.517900,-83.085800,0.285463,-13.306110,-0.065700,0.277800
2010-06-30,17:00:00,27.522300,-83.087100,0.280796,-14.682760,-0.071173,0.271627
2010-06-30,17:30:00,27.526300,-83.088000,0.251801,-11.284222,-0.049271,0.246933
2010-06-30,18:00:00,27.530000,-83.089300,0.239243,-17.305609,-0.071167,0.228413
2010-06-30,18:30:00,27.533800,-83.090500,0.243611,-15.643705,-0.065691,0.234587
2010-06-30,19:00:00,27.537900,-83.091900,0.264454,-16.845422,-0.076636,0.253107
2010-06-30,19:30:00,27.541600,-83.093100,0.237671,-16.043924,-0.065686,0.228413
2010-06-30,20:00:00,27.545500,-83.094500,0.252661,-17.655652,-0.076631,0.240760
2010-06-30,20:30:00,27.549400,-83.096500,0.264478,-24.450395,-0.109469,0.240760
2010-06-30,21:00:00,27.553700,-83.098800,0.293790,-25.371489,-0.125885,0.265453
2010-06-30,21:30:00,27.557800,-83.103100,0.345613,-42.916926,-0.235341,0.253107
2010-06-30,22:00:00,27.561500,-83.107100,0.316379,-43.783427,-0.218914,0.228413
2010-06-30,22:30:00,27.564300,-83.110000,0.234662,-42.557038,-0.158708,0.172853
2010-06-30,23:00:00,27.567500,-83.113200,0.263993,-41.556320,-0.175121,0.197547
2010-06-30,23:30:00,27.571000,-83.116200,0.271361,-37.228154,-0.164171,0.216067
2010-07-01,00:00:00,27.575000,-83.118800,0.284989,-29.949435,-0.142277,0.246933
2010-07-01,00:30:00,27.579100,-83.121300,0.287710,-28.390386,-0.136799,0.253107
2010-07-01,01:00:00,27.583700,-83.123200,0.302406,-20.107815,-0.103963,0.283973
2010-07-01,01:30:00,27.588400,-83.124600,0.300088,-14.789166,-0.076601,0.290147
2010-07-01,02:00:00,27.593500,-83.125900,0.322774,-12.730201,-0.071127,0.314840
2010-07-01,02:30:00,27.599000,-83.127100,0.345822,-10.943665,-0.065652,0.339533
2010-07-01,03:00:00,27.604500,-83.128300,0.345822,-10.943129,-0.065649,0.339533
2010-07-01,03:30:00,27.610100,-83.129300,0.350008,-8.991932,-0.054705,0.345707
2010-07-01,04:00:00,27.615800,-83.129800,0.352941,-4.444548,-0.027351,0.351880
2010-07-01,04:30:00,27.621100,-83.130400,0.328829,-5.728067,-0.032819,0.327187
2010-07-01,05:00:00,27.626300,-83.130800,0.321758,-3.898951,-0.021879,0.321013
2010-07-01,05:30:00,27.631000,-83.131100,0.290610,-3.236709,-0.016408,0.290147
2010-07-01,06:00:00,27.635300,-83.131500,0.266353,-4.711247,-0.021877,0.265453
2010-07-01,06:30:00,27.639300,-83.132200,0.249883,-8.812569,-0.038283,0.246933
2010-07-01,07:00:00,27.642800,-83.132800,0.218544,-8.635168,-0.032813,0.216067
2010-07-01,07:30:00,27.645700,-83.133400,0.182009,-10.385812,-0.032812,0.179027
2010-07-01,08:00:00,27.648200,-83.134100,0.159010,-13.929995,-0.038279,0.154333
2010-07-01,08:30:00,27.650300,-83.134800,0.135173,-16.450202,-0.038279,0.129640
2010-07-01,09:00:00,27.652200,-83.135700,0.127200,-22.762150,-0.049214,0.117293
2010-07-01,09:30:00,27.653700,-83.136800,0.110421,-33.006479,-0.060150,0.092600
2010-07-01,10:00:00,27.655300,-83.138000,0.118582,-33.596957,-0.065617,0.098773
2010-07-01,10:30:00,27.656600,-83.139300,0.107208,-41.532941,-0.071084,0.080253
2010-07-01,11:00:00,27.658100,-83.140900,0.127392,-43.373846,-0.087487,0.092600
2010-07-01,11:30:00,27.659600,-83.142600,0.131207,-45.109346,-0.092954,0.092600
2010-07-01,12:00:00,27.661300,-83.144100,0.133194,-38.008075,-0.082017,0.104947
2010-07-01,12:30:00,27.662800,-83.145800,0.131205,-45.108508,-0.092951,0.092600
2010-07-01,13:00:00,27.664500,-83.147600,0.143874,-43.161161,-0.098418,0.104947
2010-07-01,13:30:00,27.666300,-83.148900,0.131908,-32.605160,-0.071078,0.111120
2010-07-01,14:00:00,27.668700,-83.150100,0.162037,-23.885132,-0.065609,0.148160
2010-07-01,14:30:00,27.671100,-83.151400,0.164326,-25.627985,-0.071075,0.148160
2010-07-01,15:00:00,27.673400,-83.152700,0.158782,-26.591038,-0.071074,0.141987
2010-07-01,15:30:00,27.676000,-83.153900,0.173397,-22.231696,-0.065605,0.160507
2010-07-01,16:00:00,27.678900,-83.155200,0.192618,-21.652215,-0.071070,0.179027
2010-07-01,16:30:00,27.681800,-83.156700,0.196913,-24.609894,-0.082002,0.179027
2010-07-01,17:00:00,27.684700,-83.158200,0.196913,-24.609318,-0.082000,0.179027
2010-07-01,17:30:00,27.687500,-83.159300,0.183014,-19.181636,-0.060132,0.172853
2010-07-01,18:00:00,27.690600,-83.160100,0.196306,-12.871744,-0.043731,0.191373
2010-07-01,18:30:00,27.693400,-83.160400,0.173629,-5.419462,-0.016399,0.172853
2010-07-01,19:00:00,27.696400,-83.159700,0.189111,11.673157,0.038263,0.185200
2010-07-01,19:30:00,27.699000,-83.159000,0.165004,13.407950,0.038262,0.160507
2010-07-01,20:00:00,27.701200,-83.157900,0.148527,23.878800,0.060124,0.135813
2010-07-01,20:30:00,27.702700,-83.157000,0.104855,27.978432,0.049192,0.092600
2010-07-01,21:00:00,27.703800,-83.156400,0.075411,25.777179,0.032794,0.067907
2010-07-01,21:30:00,27.704400,-83.156000,0.043011,30.550814,0.021862,0.037040
2010-07-01,22:00:00,27.704500,-83.155800,0.012554,60.544688,0.010931,0.006173
2010-07-01,22:30:00,27.704000,-83.155900,0.031347,-169.958615,-0.005466,-0.030867
2010-07-01,23:00:00,27.703200,-83.156100,0.050582,-167.519310,-0.010931,-0.049387
2010-07-01,23:30:00,27.702000,-83.156500,0.077239,-163.557396,-0.021863,-0.074080
2010-07-02,00:00:00,27.700600,-83.157000,0.090645,-162.452616,-0.027329,-0.086427
2010-07-02,00:30:00,27.699200,-83.157300,0.087968,-169.257109,-0.016398,-0.086427
2010-07-02,01:00:00,27.698300,-83.157900,0.064517,-149.447956,-0.032795,-0.055560
2010-07-02,01:30:00,27.697800,-83.158200,0.034952,-152.020719,-0.016398,-0.030867
2010-07-02,02:00:00,27.697000,-83.158600,0.054010,-156.120675,-0.021864,-0.049387
2010-07-02,02:30:00,27.696500,-83.159200,0.045037,-133.264188,-0.032796,-0.030867
2010-07-02,03:00:00,27.696000,-83.159600,0.037826,-144.688561,-0.021864,-0.030867
2010-07-02,03:30:00,27.695600,-83.158700,0.055044,116.654570,0.049194,-0.024693
2010-07-02,04:00:00,27.695400,-83.157300,0.077514,99.165238,0.076525,-0.012347
2010-07-02,04:30:00,27.695300,-83.156100,0.065883,95.376617,0.065593,-0.006173
2010-07-02,05:00:00,27.695600,-83.155100,0.057713,71.282683,0.054661,0.018520
2010-07-02,05:30:00,27.696100,-83.154900,0.032745,19.502665,0.010932,0.030867
2010-07-02,06:00:00,27.696700,-83.154700,0.038620,16.443488,0.010932,0.037040
2010-07-02,06:30:00,27.697500,-83.153600,0.077808,50.600662,0.060126,0.049387
2010-07-02,07:00:00,27.698000,-83.152800,0.053524,54.782261,0.043728,0.030867
2010-07-02,07:30:00,27.698000,-83.152300,0.027330,90.000000,0.027330,0.000000
2010-07-02,08:00:00,27.697800,-83.151900,0.025109,119.453839,0.021864,-0.012347
2010-07-02,08:30:00,27.697600,-83.151500,0.025109,119.453794,0.021864,-0.012347
2010-07-02,09:00:00,27.697200,-83.151500,0.024693,180.000000,0.000000,-0.024693
2010-07-02,09:30:00,27.696500,-83.151600,0.043558,-172.791029,-0.005466,-0.043213
2010-07-02,10:00:00,27.695700,-83.151800,0.050582,-167.518479,-0.010932,-0.049387
2010-07-02,10:30:00,27.694800,-83.151900,0.055828,-174.381245,-0.005466,-0.055560
2010-07-02,11:00:00,27.693700,-83.152300,0.071340,-162.152569,-0.021864,-0.067907
2010-07-02,11:30:00,27.692500,-83.152700,0.077239,-163.556042,-0.021865,-0.074080
2010-07-02,12:00:00,27.691600,-83.152800,0.055828,-174.381081,-0.005466,-0.055560
2010-07-02,12:30:00,27.690700,-83.152800,0.055560,180.000000,0.000000,-0.055560
2010-07-02,13:00:00,27.690000,-83.152600,0.044575,165.802527,0.010933,-0.043213
2010-07-02,13:30:00,27.689200,-83.151700,0.069709,135.110141,0.049197,-0.049387
2010-07-02,14:00:00,27.688700,-83.150500,0.072496,115.199464,0.065597,-0.030867
2010-07-02,14:30:00,27.688700,-83.149100,0.076530,90.000000,0.076530,0.000000
2010-07-02,15:00:00,27.689100,-83.147600,0.085633,73.240132,0.081996,0.024693
2010-07-02,15:30:00,27.689700,-83.145800,0.105135,69.371463,0.098394,0.037040
2010-07-02,16:00:00,27.690100,-83.144000,0.101445,75.911800,0.098394,0.024693
2010-07-02,16:30:00,27.690700,-83.141900,0.120620,72.116713,0.114793,0.037040
2010-07-02,17:00:00,27.691800,-83.139700,0.138106,60.547655,0.120258,0.067907
2010-07-02,17:30:00,27.693100,-83.137200,0.158478,59.575614,0.136655,0.080253
2010-07-02,18:00:00,27.694200,-83.134700,0.152596,63.576061,0.136654,0.067907
2010-07-02,18:30:00,27.695000,-83.131900,0.160822,72.116069,0.153051,0.049387
2010-07-02,19:00:00,27.695600,-83.129400,0.141583,74.834142,0.136652,0.037040
2010-07-02,19:30:00,27.695900,-83.127100,0.127076,81.619878,0.125719,0.018520
2010-07-02,20:00:00,27.695900,-83.125100,0.109321,90.000000,0.109321,0.000000
2010-07-02,20:30:00,27.695400,-83.123500,0.092744,109.439786,0.087457,-0.030867
2010-07-02,21:00:00,27.694600,-83.122300,0.082107,126.977052,0.065593,-0.049387
2010-07-02,21:30:00,27.693300,-83.121400,0.094132,148.491753,0.049195,-0.080253
2010-07-02,22:00:00,27.691500,-83.120700,0.117523,160.999175,0.038263,-0.111120
2010-07-02,22:30:00,27.689400,-83.120300,0.131471,170.426526,0.021865,-0.129640
2010-07-02,23:00:00,27.687100,-83.120300,0.141987,180.000000,0.000000,-0.141987
2010-07-02,23:30:00,27.684800,-83.120600,0.142931,-173.411475,-0.016400,-0.141987
2010-07-03,00:00:00,27.682700,-83.121100,0.132490,-168.094167,-0.027333,-0.129640
2010-07-03,00:30:00,27.680500,-83.121900,0.142681,-162.150632,-0.043734,-0.135813
2010-07-03,01:00:00,27.678400,-83.122900,0.140695,-157.135072,-0.054669,-0.129640
2010-07-03,01:30:00,27.676300,-83.124100,0.145294,-153.158574,-0.065604,-0.129640
2010-07-03,02:00:00,27.673900,-83.125500,0.166762,-152.679241,-0.076539,-0.148160
2010-07-03,02:30:00,27.672100,-83.126700,0.129042,-149.442041,-0.065606,-0.111120
2010-07-03,03:00:00,27.670800,-83.127900,0.103658,-140.733997,-0.065607,-0.080253
2010-07-03,03:30:00,27.670200,-83.128500,0.049478,-138.470844,-0.032804,-0.037040
2010-07-03,04:00:00,27.670200,-83.128500,0.000000,0.000000,0.000000,0.000000
2010-07-03,04:30:00,27.669900,-83.128400,0.019310,163.552759,0.005467,-0.018520
2010-07-03,05:00:00,27.669900,-83.127800,0.032804,90.000000,0.032804,0.000000
2010-07-03,05:30:00,27.669900,-83.126900,0.049206,90.000000,0.049206,0.000000
2010-07-03,06:00:00,27.670000,-83.126000,0.049592,82.849095,0.049206,0.006173
2010-07-03,06:30:00,27.669800,-83.125400,0.035051,110.625165,0.032804,-0.012347
2010-07-03,07:00:00,27.669400,-83.124800,0.041059,126.970649,0.032804,-0.024693
2010-07-03,07:30:00,27.669000,-83.124300,0.036838,132.091444,0.027337,-0.024693
2010-07-03,08:00:00,27.668400,-83.124100,0.038620,163.552566,0.010935,-0.037040
2010-07-03,08:30:00,27.667500,-83.124100,0.055560,180.000000,0.000000,-0.055560
2010-07-03,09:00:00,27.666400,-83.124000,0.068126,175.396778,0.005467,-0.067907
2010-07-03,09:30:00,27.665400,-83.124200,0.062694,-169.955160,-0.010935,-0.061733
2010-07-03,10:00:00,27.664200,-83.124800,0.081019,-156.114344,-0.032806,-0.074080
2010-07-03,10:30:00,27.662800,-83.125200,0.089151,-165.799178,-0.021871,-0.086427
2010-07-03,11:00:00,27.661200,-83.126200,0.112897,-151.032684,-0.054677,-0.098773
2010-07-03,11:30:00,27.659100,-83.127500,0.147848,-151.264005,-0.071082,-0.129640
2010-07-03,12:00:00,27.656900,-83.129100,0.161553,-147.211569,-0.087487,-0.135813
2010-07-03,12:30:00,27.654900,-83.130800,0.154548,-143.024331,-0.092957,-0.123467
2010-07-03,13:00:00,27.652900,-83.132700,0.161363,-139.920094,-0.103895,-0.123467
2010-07-03,13:30:00,27.651200,-83.135000,0.163804,-129.842904,-0.125769,-0.104947
2010-07-03,14:00:00,27.649600,-83.137200,0.155657,-129.387327,-0.120303,-0.098773
2010-07-03,14:30:00,27.648700,-83.139200,0.122671,-116.931117,-0.109367,-0.055560
2010-07-03,15:00:00,27.648000,-83.141000,0.107500,-113.702412,-0.098431,-0.043213
2010-07-03,15:30:00,27.647600,-83.142300,0.075256,-109.154893,-0.071090,-0.024693
2010-07-03,16:00:00,27.647600,-83.143700,0.076558,-90.000000,-0.076558,0.000000
2010-07-03,16:30:00,27.648000,-83.145200,0.085663,-73.246081,-0.082027,0.024693
2010-07-03,17:00:00,27.648800,-83.146500,0.086561,-55.211808,-0.071089,0.049387
2010-07-03,17:30:00,27.649700,-83.147800,0.090225,-51.990323,-0.071089,0.055560
2010-07-03,18:00:00,27.651200,-83.149300,0.123704,-41.534372,-0.082025,0.092600
2010-07-03,18:30:00,27.652800,-83.150800,0.128390,-39.706963,-0.082023,0.098773
2010-07-03,19:00:00,27.654500,-83.152000,0.123772,-32.015640,-0.065618,0.104947
2010-07-03,19:30:00,27.656000,-83.153100,0.110420,-33.005928,-0.060149,0.092600
2010-07-03,20:00:00,27.657700,-83.154000,0.115912,-25.122961,-0.049212,0.104947
2010-07-03,20:30:00,27.659700,-83.154600,0.127751,-14.880688,-0.032807,0.123467
2010-07-03,21:00:00,27.661700,-83.155000,0.125389,-10.045308,-0.021871,0.123467
2010-07-03,21:30:00,27.663700,-83.155000,0.123467,0.000000,0.000000,0.123467
2010-07-03,22:00:00,27.665300,-83.154900,0.098925,3.168380,0.005468,0.098773
2010-07-03,22:30:00,27.666900,-83.154700,0.099377,6.317408,0.010935,0.098773
2010-07-03,23:00:00,27.667900,-83.154400,0.063875,14.879556,0.016402,0.061733
2010-07-03,23:30:00,27.668600,-83.154400,0.043213,0.000000,0.000000,0.043213
2010-07-04,00:00:00,27.669000,-83.154400,0.024693,0.000000,0.000000,0.024693
2010-07-04,00:30:00,27.669100,-83.154600,0.012557,-60.552641,-0.010935,0.006173
2010-07-04,01:00:00,27.669400,-83.154700,0.019310,-16.447355,-0.005467,0.018520
2010-07-04,01:30:00,27.669800,-83.154300,0.032985,41.529390,0.021869,0.024693
2010-07-04,02:00:00,27.670000,-83.154500,0.016493,-41.529312,-0.010935,0.012347
2010-07-04,02:30:00,27.670800,-83.156700,0.130025,-67.677213,-0.120281,0.049387
2010-07-04,03:00:00,27.671600,-83.158300,0.100455,-60.552159,-0.087476,0.049387
2010-07-04,03:30:00,27.672000,-83.159500,0.070100,-69.374507,-0.065607,0.024693
2010-07-04,04:00:00,27.672900,-83.159900,0.059709,-21.484975,-0.021869,0.055560
2010-07-04,04:30:00,27.673900,-83.159900,0.061733,0.000000,0.000000,0.061733
2010-07-04,05:00:00,27.675000,-83.159600,0.069859,13.578457,0.016401,0.067907
2010-07-04,05:30:00,27.676200,-83.159200,0.077240,16.446451,0.021868,0.074080
2010-07-04,06:00:00,27.677400,-83.158500,0.083381,27.320396,0.038269,0.074080
2010-07-04,06:30:00,27.678800,-83.157700,0.096863,26.841267,0.043735,0.086427
2010-07-04,07:00:00,27.680000,-83.157000,0.083380,27.319839,0.038268,0.074080
2010-07-04,07:30:00,27.681500,-83.156000,0.107533,30.556179,0.054668,0.092600
2010-07-04,08:00:00,27.682500,-83.155200,0.075655,35.314966,0.043734,0.061733
2010-07-04,08:30:00,27.683200,-83.154700,0.051132,32.314310,0.027333,0.043213
2010-07-04,09:00:00,27.683500,-83.154600,0.019310,16.445347,0.005467,0.018520
2010-07-04,09:30:00,27.683700,-83.154600,0.012347,0.000000,0.000000,0.012347
2010-07-04,10:00:00,27.683500,-83.154800,0.016492,-138.474255,-0.010933,-0.012347
2010-07-04,10:30:00,27.682900,-83.155300,0.046033,-143.574842,-0.027333,-0.037040
2010-07-04,11:00:00,27.682400,-83.156100,0.053529,-125.214006,-0.043734,-0.030867
2010-07-04,11:30:00,27.682100,-83.157600,0.084066,-102.726812,-0.082001,-0.018520
2010-07-04,12:00:00,27.681800,-83.159600,0.110892,-99.613971,-0.109335,-0.018520
2010-07-04,12:30:00,27.681600,-83.161700,0.115464,-96.138441,-0.114802,-0.012347
2010-07-04,13:00:00,27.681600,-83.164000,0.125735,-90.000000,-0.125735,0.000000
2010-07-04,13:30:00,27.681300,-83.166500,0.137918,-97.717139,-0.136669,-0.018520
2010-07-04,14:00:00,27.680900,-83.168400,0.106764,-103.373014,-0.103869,-0.024693
2010-07-04,14:30:00,27.680800,-83.170100,0.093140,-93.800350,-0.092935,-0.006173
2010-07-04,15:00:00,27.680600,-83.171400,0.072133,-99.855597,-0.071068,-0.012347
2010-07-04,15:30:00,27.680800,-83.173000,0.088336,-81.965485,-0.087469,0.012347
2010-07-04,16:00:00,27.681500,-83.176800,0.212184,-78.248971,-0.207737,0.043213
2010-07-04,16:30:00,27.682600,-83.175800,0.087177,38.835304,0.054667,0.067907
2010-07-04,17:00:00,27.684200,-83.176800,0.112892,-28.962562,-0.054667,0.098773
2010-07-04,17:30:00,27.685900,-83.177400,0.109953,-17.355834,-0.032799,0.104947
2010-07-04,18:00:00,27.687900,-83.177900,0.126456,-12.482540,-0.027332,0.123467
2010-07-04,18:30:00,27.690000,-83.178000,0.129755,-2.414496,-0.005466,0.129640
2010-07-04,19:00:00,27.691900,-83.178000,0.117293,0.000000,0.000000,0.117293
2010-07-04,19:30:00,27.693900,-83.177900,0.123588,2.534976,0.005466,0.123467
2010-07-04,20:00:00,27.695900,-83.177600,0.124551,7.565476,0.016398,0.123467
2010-07-04,20:30:00,27.697800,-83.177500,0.117421,2.668111,0.005466,0.117293
2010-07-04,21:00:00,27.700100,-83.177200,0.142930,6.587747,0.016398,0.141987
2010-07-04,21:30:00,27.702600,-83.176300,0.161983,17.679044,0.049192,0.154333
2010-07-04,22:00:00,27.704600,-83.175800,0.126455,12.480690,0.027328,0.123467
2010-07-04,22:30:00,27.706500,-83.174900,0.127190,22.751990,0.049190,0.117293
2010-07-04,23:00:00,27.708100,-83.174100,0.108018,23.877401,0.043724,0.098773
2010-07-04,23:30:00,27.709500,-83.173600,0.090644,17.546252,0.027327,0.086427
2010-07-05,00:00:00,27.710600,-83.173400,0.068781,9.144226,0.010931,0.067907
2010-07-05,00:30:00,27.711600,-83.173300,0.061975,5.059226,0.005465,0.061733
2010-07-05,01:00:00,27.712400,-83.173200,0.049688,6.314774,0.005465,0.049387
2010-07-05,01:30:00,27.712900,-83.173200,0.030867,0.000000,0.000000,0.030867
2010-07-05,02:00:00,27.713600,-83.173300,0.043558,-7.207899,-0.005465,0.043213
2010-07-05,02:30:00,27.714200,-83.173200,0.037441,8.393252,0.005465,0.037040
2010-07-05,03:00:00,27.714900,-83.173400,0.044574,-14.194452,-0.010930,0.043213
2010-07-05,03:30:00,27.715800,-83.173800,0.059706,-21.477302,-0.021860,0.055560
2010-07-05,04:00:00,27.716800,-83.173800,0.061733,0.000000,0.000000,0.061733
2010-07-05,04:30:00,27.718000,-83.174000,0.074882,-8.392986,-0.010930,0.074080
2010-07-05,05:00:00,27.719400,-83.174100,0.086599,-3.618085,-0.005465,0.086427
2010-07-05,05:30:00,27.720800,-83.174200,0.086599,-3.618038,-0.005465,0.086427
2010-07-05,06:00:00,27.722500,-83.174200,0.104947,0.000000,0.000000,0.104947
2010-07-05,06:30:00,27.724400,-83.173800,0.119313,10.556465,0.021859,0.117293
2010-07-05,07:00:00,27.726300,-83.173100,0.123373,18.062279,0.038252,0.117293
2010-07-05,07:30:00,27.728100,-83.172500,0.115856,16.439096,0.032787,0.111120
2010-07-05,08:00:00,27.729800,-83.171800,0.111700,20.025639,0.038251,0.104947
2010-07-05,08:30:00,27.731200,-83.171300,0.090642,17.542974,0.027322,0.086427
2010-07-05,09:00:00,27.732600,-83.170800,0.090642,17.542763,0.027321,0.086427
2010-07-05,09:30:00,27.733700,-83.170100,0.077938,29.390868,0.038249,0.067907
2010-07-05,10:00:00,27.734600,-83.170000,0.055828,5.616764,0.005464,0.055560
2010-07-05,10:30:00,27.735000,-83.170300,0.029639,-33.577533,-0.016392,0.024693
2010-07-05,11:00:00,27.735200,-83.170900,0.035032,-69.363547,-0.032784,0.012347
2010-07-05,11:30:00,27.735100,-83.171900,0.054988,-96.445973,-0.054641,-0.006173
2010-07-05,12:00:00,27.734800,-83.173400,0.084028,-102.732761,-0.081961,-0.018520
2010-07-05,12:30:00,27.734200,-83.174900,0.089942,-114.319134,-0.081962,-0.037040
2010-07-05,13:00:00,27.733400,-83.176400,0.095691,-121.071290,-0.081962,-0.049387
2010-07-05,13:30:00,27.732700,-83.177500,0.074028,-125.714365,-0.060106,-0.043213
2010-07-05,14:00:00,27.731800,-83.178900,0.094546,-125.990306,-0.076499,-0.055560
2010-07-05,14:30:00,27.730700,-83.180400,0.106440,-129.641552,-0.081964,-0.067907
2010-07-05,15:00:00,27.729800,-83.181100,0.067454,-145.454590,-0.038250,-0.055560
2010-07-05,15:30:00,27.729000,-83.181100,0.049387,180.000000,0.000000,-0.049387
2010-07-05,16:00:00,27.728300,-83.181100,0.043213,180.000000,0.000000,-0.043213
2010-07-05,16:30:00,27.727700,-83.181800,0.053246,-134.078528,-0.038251,-0.037040
2010-07-05,17:00:00,27.727800,-83.183000,0.065863,-84.621795,-0.065573,0.006173
2010-07-05,17:30:00,27.728100,-83.184400,0.078712,-76.391358,-0.076502,0.018520
2010-07-05,18:00:00,27.728400,-83.185400,0.057697,-71.277446,-0.054644,0.018520
2010-07-05,18:30:00,27.728800,-83.186000,0.041045,-53.014467,-0.032786,0.024693
2010-07-05,19:00:00,27.729500,-83.186600,0.054243,-37.187809,-0.032786,0.043213
2010-07-05,19:30:00,27.730200,-83.187000,0.048427,-26.830321,-0.021857,0.043213
2010-07-05,20:00:00,27.731100,-83.187100,0.055828,-5.616943,-0.005464,0.055560
2010-07-05,20:30:00,27.732300,-83.187200,0.074281,-4.218575,-0.005464,0.074080
2010-07-05,21:00:00,27.733700,-83.187200,0.086427,0.000000,0.000000,0.086427
2010-07-05,21:30:00,27.735200,-83.187100,0.092761,3.376971,0.005464,0.092600
2010-07-05,22:00:00,27.736800,-83.187100,0.098773,0.000000,0.000000,0.098773
2010-07-05,22:30:00,27.738100,-83.187500,0.083176,-15.234211,-0.021856,0.080253
2010-07-05,23:00:00,27.739200,-83.188000,0.073196,-21.915368,-0.027319,0.067907
2010-07-05,23:30:00,27.741600,-83.188300,0.149064,-6.313142,-0.016391,0.148160
2010-07-06,00:00:00,27.743700,-83.188400,0.129755,-2.413309,-0.005464,0.129640
2010-07-06,00:30:00,27.745000,-83.188900,0.084775,-18.798447,-0.027318,0.080253
2010-07-06,01:00:00,27.745600,-83.189900,0.066008,-55.864837,-0.054636,0.037040
2010-07-06,01:30:00,27.745700,-83.191000,0.060415,-84.135177,-0.060099,0.006173
2010-07-06,02:00:00,27.745800,-83.192200,0.065852,-84.620912,-0.065562,0.006173
2010-07-06,02:30:00,27.745900,-83.192900,0.038740,-80.830601,-0.038245,0.006173
2010-07-06,03:00:00,27.746100,-83.193700,0.045419,-74.226105,-0.043708,0.012347
2010-07-06,03:30:00,27.746400,-83.194400,0.042493,-64.161340,-0.038245,0.018520
2010-07-06,04:00:00,27.746700,-83.195100,0.042493,-64.161278,-0.038244,0.018520
2010-07-06,04:30:00,27.747100,-83.195900,0.050201,-60.535134,-0.043708,0.024693
2010-07-06,05:00:00,27.747500,-83.196400,0.036824,-47.888152,-0.027317,0.024693
2010-07-06,05:30:00,27.747900,-83.196800,0.032975,-41.509032,-0.021854,0.024693
2010-07-06,06:00:00,27.748700,-83.196800,0.049387,0.000000,0.000000,0.049387
2010-07-06,06:30:00,27.749200,-83.197000,0.032744,-19.493885,-0.010927,0.030867
2010-07-06,07:00:00,27.749800,-83.197000,0.037040,0.000000,0.000000,0.037040
2010-07-06,07:30:00,27.750300,-83.196900,0.031346,10.037252,0.005463,0.030867
2010-07-06,08:00:00,27.750900,-83.196700,0.038618,16.435756,0.010927,0.037040
2010-07-06,08:30:00,27.751600,-83.196200,0.051123,32.298077,0.027316,0.043213
2010-07-06,09:00:00,27.752300,-83.195700,0.051123,32.297910,0.027316,0.043213
2010-07-06,09:30:00,27.752700,-83.195300,0.032974,41.507779,0.021853,0.024693
2010-07-06,10:00:00,27.752700,-83.195100,0.010926,90.000000,0.010926,0.000000
2010-07-06,10:30:00,27.752300,-83.194900,0.027003,156.131393,0.010926,-0.024693
2010-07-06,11:00:00,27.752000,-83.195200,0.024731,-138.492130,-0.016390,-0.018520
2010-07-06,11:30:00,27.751500,-83.195700,0.041218,-138.492026,-0.027316,-0.030867
2010-07-06,12:00:00,27.750800,-83.196800,0.074020,-125.718877,-0.060096,-0.043213
2010-07-06,12:30:00,27.750000,-83.197900,0.077786,-129.413078,-0.060096,-0.049387
2010-07-06,13:00:00,27.749400,-83.199100,0.075300,-119.465497,-0.065560,-0.037040
2010-07-06,13:30:00,27.748400,-83.200400,0.094103,-130.996865,-0.071024,-0.061733
2010-07-06,14:00:00,27.747500,-83.202200,0.112951,-119.465102,-0.098342,-0.055560
2010-07-06,14:30:00,27.746300,-83.204200,0.132014,-124.135554,-0.109270,-0.074080
2010-07-06,15:00:00,27.745400,-83.206500,0.137396,-113.852193,-0.125661,-0.055560
